/*
Navicat MySQL Data Transfer

Source Server         : 127.0.0.1
Source Server Version : 50553
Source Host           : localhost:3306
Source Database       : knowledge

Target Server Type    : MYSQL
Target Server Version : 50553
File Encoding         : 65001

Date: 2017-04-20 17:49:35
*/

SET FOREIGN_KEY_CHECKS=0;

-- ----------------------------
-- Table structure for business
-- ----------------------------
DROP TABLE IF EXISTS `business`;
CREATE TABLE `business` (
  `BusinessID` int(11) NOT NULL,
  `BusinessName` varchar(255) DEFAULT NULL,
  `Remark` varchar(255) DEFAULT NULL,
  PRIMARY KEY (`BusinessID`)
) ENGINE=MyISAM DEFAULT CHARSET=utf8;

-- ----------------------------
-- Records of business
-- ----------------------------
INSERT INTO `business` VALUES ('1', '项目经理', null);
INSERT INTO `business` VALUES ('2', '青岛区域', null);
INSERT INTO `business` VALUES ('3', '综合业务', null);
INSERT INTO `business` VALUES ('4', '网络业务', null);
INSERT INTO `business` VALUES ('5', '桌面业务', null);
INSERT INTO `business` VALUES ('6', 'Notes业务', null);
INSERT INTO `business` VALUES ('7', '服务器业务', null);
INSERT INTO `business` VALUES ('8', '质量管理员', null);
INSERT INTO `business` VALUES ('9', '大区', null);
INSERT INTO `business` VALUES ('10', '1000服务台', null);
INSERT INTO `business` VALUES ('11', '三线支持', null);

-- ----------------------------
-- Table structure for job
-- ----------------------------
DROP TABLE IF EXISTS `job`;
CREATE TABLE `job` (
  `JobID` int(11) NOT NULL,
  `JobName` varchar(255) DEFAULT NULL,
  `Remark` varchar(255) DEFAULT NULL,
  PRIMARY KEY (`JobID`)
) ENGINE=MyISAM DEFAULT CHARSET=utf8;

-- ----------------------------
-- Records of job
-- ----------------------------
INSERT INTO `job` VALUES ('1', '项目经理', null);
INSERT INTO `job` VALUES ('2', '区域经理', null);
INSERT INTO `job` VALUES ('3', '组长', null);
INSERT INTO `job` VALUES ('4', '组员', null);
INSERT INTO `job` VALUES ('5', '备份', null);
INSERT INTO `job` VALUES ('6', '质量管理员', null);

-- ----------------------------
-- Table structure for userinfo
-- ----------------------------
DROP TABLE IF EXISTS `userinfo`;
CREATE TABLE `userinfo` (
  `UsID` int(11) NOT NULL AUTO_INCREMENT,
  `UsName` varchar(255) DEFAULT NULL,
  `UsPwd` varchar(255) DEFAULT NULL,
  `Phone` varchar(11) DEFAULT NULL,
  `Email` varchar(255) DEFAULT NULL,
  `JobID` int(11) DEFAULT NULL,
  `BusinessID` int(255) DEFAULT NULL,
  `Stauts` varchar(255) DEFAULT NULL,
  `ServerStyleID` int(11) DEFAULT NULL,
  `BeComany` varchar(255) DEFAULT NULL,
  `Office` varchar(255) DEFAULT NULL,
  `EntryDate` date DEFAULT NULL,
  `EntryCause` varchar(255) DEFAULT NULL,
  `DimissionDate` date DEFAULT NULL,
  `Remark` varchar(255) DEFAULT NULL,
  `EmptyOne` varchar(255) DEFAULT NULL,
  `EmptyTwo` varchar(255) DEFAULT NULL,
  `WrodGroupID` int(255) DEFAULT NULL,
  `MorTime` datetime DEFAULT NULL,
  `NightTime` datetime DEFAULT NULL,
  `SaturdayMorTime` datetime DEFAULT NULL,
  `SaturdayNightTime` datetime DEFAULT NULL,
  `IsLockIP` varchar(255) DEFAULT NULL,
  `NianJia` varchar(255) DEFAULT NULL,
  `TiaoXiu` varchar(255) DEFAULT NULL,
  PRIMARY KEY (`UsID`)
) ENGINE=MyISAM AUTO_INCREMENT=436 DEFAULT CHARSET=utf8;

-- ----------------------------
-- Records of userinfo
-- ----------------------------
INSERT INTO `userinfo` VALUES ('1', '刘亚辉', 'Haier,123', '18669858118', 'liuyahui1@chinaunicom.cn', '1', '1', '在职', '1', '集成公司', '青岛海尔工业园', '2010-01-01', '', null, 'NULL', '', '', '1', '1899-12-30 08:50:00', '1899-12-30 18:00:00', '1899-12-30 10:00:00', '1899-12-30 16:00:00', '0', '0', '0');
INSERT INTO `userinfo` VALUES ('2', '于伟飞', 'Haier,123', '18561366800', 'jc-yuwf@chinaunicom.cn', '2', '2', '在职', '1', '阳光雨露', '青岛海尔工业园', '2014-04-10', '', null, 'NULL', '', '', '1', '1899-12-30 08:50:00', '1899-12-30 18:00:00', '1899-12-30 10:00:00', '1899-12-30 16:00:00', '0', '84', '0');
INSERT INTO `userinfo` VALUES ('3', '范鹏', 'Haier,123', '18500711770', 'jc-fanp@chinaunicom.cn', '2', '9', '离职', '2', '阳光雨露', '北京', '2013-09-25', '接替李建伟', '2015-09-25', 'NULL', '', '', '1', '1899-12-30 09:00:00', '1899-12-30 18:00:00', '1899-12-30 09:00:00', '1899-12-30 18:00:00', '0', '80', '0');
INSERT INTO `userinfo` VALUES ('4', '张伟', 'Haier,123', '18613836987', 'jc-zhangw@chinaunicom.cn', '3', '9', '离职', '2', '阳光雨露', '北京', '2014-06-17', '接替蒋皓名', '2016-02-19', 'NULL', '', '', '1', '1899-12-30 09:00:00', '1899-12-30 18:00:00', '1899-12-30 09:00:00', '1899-12-30 18:00:00', '0', '0', '0');
INSERT INTO `userinfo` VALUES ('5', '宗巧娜', 'Haier,123', '13954242805', 'uni.zongqn@haier.com', '4', '8', '在职', '1', '阳光雨露', '青岛海尔工业园', '2012-01-15', '', null, 'NULL', '', '', '1', '1899-12-30 08:50:00', '1899-12-30 18:00:00', '1899-12-30 10:00:00', '1899-12-30 16:00:00', '0', '36', '0');
INSERT INTO `userinfo` VALUES ('6', '孙燕', 'Haier,123', '18663930258', 'uni.sunyan@haier.com', '5', '8', '在职', '1', '阳光雨露', '青岛海尔工业园', '2014-05-05', '接替王静', null, 'NULL', '', '', '1', '1899-12-30 08:50:00', '1899-12-30 18:00:00', '1899-12-30 10:00:00', '1899-12-30 16:00:00', '0', '32', '0');
INSERT INTO `userinfo` VALUES ('7', '王娜娜', 'Haier,123', '', 'jc-wangnn@chinaunicom.cn', '7', '8', '离职', '1', '阳光雨露', '青岛海尔工业园', '2014-05-05', '接替陈娴媛', null, 'NULL', '', '', '1', '1899-12-30 08:50:00', '1899-12-30 18:00:00', '1899-12-30 10:00:00', '1899-12-30 16:00:00', '0', '0', '0');
INSERT INTO `userinfo` VALUES ('8', '荆成祥', 'Haier,123', '13070839689', 'uni.jingchx@haier.com', '5', '5', '离职', '1', '阳光雨露', '青岛海尔工业园', '2011-08-10', '', '2014-12-06', 'NULL', '', '', '1', '1899-12-30 08:50:00', '1899-12-30 18:00:00', '1899-12-30 10:00:00', '1899-12-30 16:00:00', '0', '0', '0');
INSERT INTO `userinfo` VALUES ('9', '王斌', 'Haier,123', '18561311200', 'uni.wangbin1@haier.com', '5', '5', '离职', '1', '阳光雨露', '青岛海尔工业园', '2011-08-23', '', '2015-01-26', 'NULL', '', '', '1', '1899-12-30 08:50:00', '1899-12-30 18:00:00', '1899-12-30 10:00:00', '1899-12-30 16:00:00', '0', '0', '0');
INSERT INTO `userinfo` VALUES ('10', '韩天星', 'Haier,123', '13153227669', 'uni.hantx@haier.com', '5', '5', '离职', '1', '阳光雨露', '青岛海尔工业园', '2013-08-14', '接替冯云祥', '2015-05-18', 'NULL', '', '', '1', '1899-12-30 08:50:00', '1899-12-30 18:00:00', '1899-12-30 10:00:00', '1899-12-30 16:00:00', '0', '0', '0');
INSERT INTO `userinfo` VALUES ('11', '张志愿', 'Haier,123', '13210101890', 'uni.zhangzhy@haier.com', '5', '5', '离职', '1', '蓝色快车', '青岛海尔工业园', '2013-06-03', '接替张红雨', '2015-03-01', 'NULL', '', '', '1', '1899-12-30 08:50:00', '1899-12-30 18:00:00', '1899-12-30 10:00:00', '1899-12-30 16:00:00', '0', '16', '0');
INSERT INTO `userinfo` VALUES ('12', '闫斐', 'Haier,123', '18678907098', 'uni.yanf@haier.com', '5', '5', '离职', '1', '阳光雨露', '青岛海尔工业园', '2011-01-10', '', null, 'NULL', '', '', '1', '1899-12-30 08:50:00', '1899-12-30 18:00:00', '1899-12-30 10:00:00', '1899-12-30 16:00:00', '0', '124', '6.2');
INSERT INTO `userinfo` VALUES ('13', '徐文博', 'Haier,123', '15694485010', 'uni.xuwb@haier.com', '5', '5', '离职', '1', '蓝色快车', '青岛海尔工业园', '2014-05-15', '接替张安玉', '2015-07-18', 'NULL', '', '', '1', '1899-12-30 08:50:00', '1899-12-30 18:00:00', '1899-12-30 10:00:00', '1899-12-30 16:00:00', '0', '40', '0');
INSERT INTO `userinfo` VALUES ('14', '吕杰', 'Haier,123', '15553221993', 'uni.lvjie@haier.com', '5', '5', '离职', '1', '阳光雨露', '青岛海尔工业园', '2014-02-12', '接替迟庆虎', '2015-04-27', 'NULL', '', '', '1', '1899-12-30 08:50:00', '1899-12-30 18:00:00', '1899-12-30 10:00:00', '1899-12-30 16:00:00', '0', '0', '1.5');
INSERT INTO `userinfo` VALUES ('15', '代福澎', 'Haier,123', '13156259691', 'uni.daifp@haier.com', '5', '5', '离职', '1', '阳光雨露', '青岛海尔工业园', '2012-09-10', '接替邢军', null, 'NULL', '', '', '1', '1899-12-30 08:50:00', '1899-12-30 18:00:00', '1899-12-30 10:00:00', '1899-12-30 16:00:00', '0', '56', '-1.5');
INSERT INTO `userinfo` VALUES ('16', '陈克远', 'Haier,123', '13173206806', 'uni.chenky@haier.com', '4', '5', '离职', '1', '阳光雨露', '青岛海尔工业园', '2010-04-01', '', '2015-10-08', 'NULL', '', '', '1', '1899-12-30 08:50:00', '1899-12-30 18:00:00', '1899-12-30 10:00:00', '1899-12-30 16:00:00', '0', '110', '0');
INSERT INTO `userinfo` VALUES ('17', '石龙', 'Haier,123', '18553222637', 'uni.shilong@haier.com', '5', '5', '离职', '1', '蓝色快车', '青岛海尔工业园', '2013-02-27', '', '2015-03-21', 'NULL', '', '', '1', '1899-12-30 08:50:00', '1899-12-30 18:00:00', '1899-12-30 10:00:00', '1899-12-30 16:00:00', '0', '32', '0');
INSERT INTO `userinfo` VALUES ('18', '高平歌', 'Haier,123', '13156035568', 'uni.gaopg@haier.com ', '5', '5', '在职', '1', '蓝色快车', '青岛海尔工业园', '2014-06-05', '接替李开朋', null, 'NULL', '', '', '1', '1899-12-30 08:50:00', '1899-12-30 18:00:00', '1899-12-30 10:00:00', '1899-12-30 16:00:00', '0', '8', '18.5');
INSERT INTO `userinfo` VALUES ('19', '赵西宝', 'Haier,123', '18643539095', 'uni.zhaoxb@haier.com', '5', '5', '离职', '1', '阳光雨露', '青岛海尔工业园', '2014-06-23', '接替杨文超', '2015-02-15', 'NULL', '', '', '1', '1899-12-30 08:50:00', '1899-12-30 18:00:00', '1899-12-30 10:00:00', '1899-12-30 16:00:00', '0', '0', '0');
INSERT INTO `userinfo` VALUES ('20', '郑勇', 'Haier,123', '18562596193', 'uni.zhengy@haier.com', '5', '5', '在职', '1', '阳光雨露', '青岛海尔工业园', '2011-03-07', '', null, 'NULL', '', '', '1', '1899-12-30 08:50:00', '1899-12-30 18:00:00', '1899-12-30 10:00:00', '1899-12-30 16:00:00', '0', '0', '0');
INSERT INTO `userinfo` VALUES ('21', '战慧', 'Haier,123', '18661971021', 'uni.zhanh@haier.com', '5', '5', '离职', '1', '阳光雨露', '青岛海尔工业园', '2013-02-26', '接替朱坤', null, 'NULL', '', '', '1', '1899-12-30 08:50:00', '1899-12-30 18:00:00', '1899-12-30 10:00:00', '1899-12-30 16:00:00', '0', '0', '0');
INSERT INTO `userinfo` VALUES ('22', '刘东昌', 'Haier,123', '18669705541', 'uni.liudch@haier.com ', '5', '5', '在职', '1', '阳光雨露', '青岛海尔工业园', '2012-04-13', '', null, 'NULL', '', '', '1', '1899-12-30 08:50:00', '1899-12-30 18:00:00', '1899-12-30 10:00:00', '1899-12-30 16:00:00', '0', '95', '11');
INSERT INTO `userinfo` VALUES ('23', '王旬朋', 'Haier,123', '13205328627', 'uni.wangxunp@haier.com', '5', '5', '离职', '1', '阳光雨露', '青岛海尔工业园', '2014-05-14', '接替邓少林', null, 'NULL', '', '', '1', '1899-12-30 08:50:00', '1899-12-30 18:00:00', '1899-12-30 10:00:00', '1899-12-30 16:00:00', '0', '0', '3');
INSERT INTO `userinfo` VALUES ('24', '王文超', 'Haier,123', '18561682935', 'uni.wangwch@haier.com', '3', '5', '在职', '1', '阳光雨露', '青岛海尔工业园', '2009-09-01', '', null, 'NULL', '', '', '1', '1899-12-30 08:50:00', '1899-12-30 18:00:00', '1899-12-30 10:00:00', '1899-12-30 16:00:00', '0', '63', '0');
INSERT INTO `userinfo` VALUES ('25', '郭玉健', 'Haier,123', '15662518396', 'uni.guoyj@haier.com', '5', '7', '在职', '1', '蓝色快车', '青岛海尔工业园', '2014-05-26', '接替安勇', null, 'NULL', '', '', '1', '1899-12-30 08:50:00', '1899-12-30 18:00:00', '1899-12-30 10:00:00', '1899-12-30 16:00:00', '0', '40', '18.5');
INSERT INTO `userinfo` VALUES ('26', '杨军', 'Haier,123', '13061411113', 'uni.yangj@haier.com', '5', '5', '离职', '1', '阳光雨露', '青岛海尔工业园', '2013-01-11', '接替卢宇晓', null, 'NULL', '', '', '1', '1899-12-30 08:50:00', '1899-12-30 18:00:00', '1899-12-30 10:00:00', '1899-12-30 16:00:00', '0', '0', '0');
INSERT INTO `userinfo` VALUES ('27', '徐有涛', 'Haier,123', '13153223086', 'uni.xuyt@haier.com', '5', '5', '离职', '1', '阳光雨露', '青岛海尔工业园', '2013-04-09', '接替王清', '2015-05-18', 'NULL', '', '', '1', '1899-12-30 08:50:00', '1899-12-30 18:00:00', '1899-12-30 10:00:00', '1899-12-30 16:00:00', '0', '0', '0');
INSERT INTO `userinfo` VALUES ('28', '王增欢', 'Haier,123', '15666482650', 'uni.wangzh@haier.com', '5', '5', '离职', '1', '蓝色快车', '青岛海尔工业园', '2013-07-29', '接替孙国立', null, 'NULL', '', '', '1', '1899-12-30 08:50:00', '1899-12-30 18:00:00', '1899-12-30 10:00:00', '1899-12-30 16:00:00', '0', '0', '0');
INSERT INTO `userinfo` VALUES ('29', '周文良', 'Haier,123', '15615722117', 'uni.zhouwl@haier.com', '3', '5', '在职', '1', '阳光雨露', '青岛海尔工业园', '2012-03-05', '', null, 'NULL', '', '', '1', '1899-12-30 08:50:00', '1899-12-30 18:00:00', '1899-12-30 10:00:00', '1899-12-30 16:00:00', '0', '78', '0');
INSERT INTO `userinfo` VALUES ('30', '季涛', 'Haier,123', '13153225616', 'uni.jit@haier.com', '5', '5', '离职', '1', '阳光雨露', '青岛海尔工业园', '2013-08-26', '接替孟凡杰', null, 'NULL', '', '', '1', '1899-12-30 08:50:00', '1899-12-30 18:00:00', '1899-12-30 10:00:00', '1899-12-30 16:00:00', '0', '0', '0');
INSERT INTO `userinfo` VALUES ('31', '张广财', 'Haier,123', '18661793687', 'uni.zhanggc@haier.com', '5', '5', '离职', '1', '阳光雨露', '青岛海尔工业园', '2014-04-26', '接替李海琦', null, 'NULL', '', '', '1', '1899-12-30 08:50:00', '1899-12-30 18:00:00', '1899-12-30 10:00:00', '1899-12-30 16:00:00', '0', '0', '0');
INSERT INTO `userinfo` VALUES ('32', '李强', 'Haier,123', '18653202360', 'uni.liqiang@haier.com', '5', '5', '在职', '1', '阳光雨露', '青岛海尔工业园', '2014-01-28', '接替程明', null, 'NULL', '', '', '1', '1899-12-30 09:00:00', '1899-12-30 17:30:00', '1899-12-30 09:00:00', '1899-12-30 17:30:00', '0', '96', '0');
INSERT INTO `userinfo` VALUES ('33', '邹运', 'Haier,123', '18561589461', 'uni.zouyun@haier.com', '5', '5', '离职', '1', '阳光雨露', '青岛海尔工业园', '2013-10-28', '接替熊军迎', null, 'NULL', '', '', '1', '1899-12-30 08:50:00', '1899-12-30 18:00:00', '1899-12-30 10:00:00', '1899-12-30 16:00:00', '0', '40', '1.6');
INSERT INTO `userinfo` VALUES ('34', '牛延群', 'Haier,123', '18561713559', 'uni.niuyq@haier.com', '5', '5', '离职', '1', '龙泰天祥', '青岛海尔工业园', '2013-01-25', '新增', null, 'NULL', '', '', '1', '1899-12-30 08:50:00', '1899-12-30 18:00:00', '1899-12-30 10:00:00', '1899-12-30 16:00:00', '0', '0', '14');
INSERT INTO `userinfo` VALUES ('35', '田川', 'Haier,123', '18653202716', 'hq-tianchuan@chinaunicom.cn', '3', '12', '离职', '1', '阳光雨露', '青岛海尔工业园', '2009-09-01', '2016/4/11', null, 'NULL', '', '', '1', '1899-12-30 08:50:00', '1899-12-30 18:00:00', '1899-12-30 10:00:00', '1899-12-30 16:00:00', '0', '107', '0');
INSERT INTO `userinfo` VALUES ('36', '姜苏', 'Haier,123', '18653225910', 'uni.jiangs@haier.com', '3', '7', '在职', '1', '阳光雨露', '青岛海尔工业园', '2009-09-01', '', null, 'NULL', '', '', '1', '1899-12-30 08:50:00', '1899-12-30 18:00:00', '1899-12-30 10:00:00', '1899-12-30 16:00:00', '0', '20', '18');
INSERT INTO `userinfo` VALUES ('37', '贺楠', 'Haier,123', '', 'uni.hen@haier.com', '5', '7', '离职', '1', '阳光雨露', '青岛海尔工业园', '2009-09-01', '', null, 'NULL', '', '', '1', '1899-12-30 08:50:00', '1899-12-30 18:00:00', '1899-12-30 10:00:00', '1899-12-30 16:00:00', '0', '0', '0');
INSERT INTO `userinfo` VALUES ('38', '张起合', 'Haier,123', '18663392993', 'uni.zhangqh@haier.com', '5', '7', '离职', '1', '阳光雨露', '青岛海尔工业园', '2013-04-15', '接替于忠仁', '2014-11-27', 'NULL', '', '', '1', '1899-12-30 08:50:00', '1899-12-30 18:00:00', '1899-12-30 10:00:00', '1899-12-30 16:00:00', '0', '0', '0');
INSERT INTO `userinfo` VALUES ('39', '梁帅', 'Haier,123', '18678955081', 'uni.liangsh@haier.com', '5', '7', '在职', '1', '阳光雨露', '青岛海尔工业园', '2010-07-30', '', null, 'NULL', '', '', '1', '1899-12-30 08:50:00', '1899-12-30 18:00:00', '1899-12-30 10:00:00', '1899-12-30 16:00:00', '0', '0', '40');
INSERT INTO `userinfo` VALUES ('40', '潘连栋', 'Haier,123', '18663964868', 'uni.panld@haier.com', '5', '7', '离职', '1', '阳光雨露', '青岛海尔工业园', '2010-06-10', '', '2015-05-18', 'NULL', '', '', '1', '1899-12-30 08:50:00', '1899-12-30 18:00:00', '1899-12-30 10:00:00', '1899-12-30 16:00:00', '0', '8', '0');
INSERT INTO `userinfo` VALUES ('41', '林峰', 'Haier,123', '18653272562', 'uni.linf@haier.com', '5', '7', '离职', '1', '阳光雨露', '青岛海尔工业园', '2014-04-24', '接替臧波', null, 'NULL', '', '', '1', '1899-12-30 08:50:00', '1899-12-30 18:00:00', '1899-12-30 10:00:00', '1899-12-30 16:00:00', '0', '0', '15');
INSERT INTO `userinfo` VALUES ('42', '吕伟', 'Haier,123', '18561704817', 'uni.lvw@haier.com', '5', '7', '在职', '1', '蓝色快车', '青岛海尔工业园', '2012-07-11', '', null, 'NULL', '', '', '1', '1899-12-30 08:50:00', '1899-12-30 18:00:00', '1899-12-30 10:00:00', '1899-12-30 16:00:00', '0', '8', '4');
INSERT INTO `userinfo` VALUES ('43', '王彦超', 'Haier,123', '18661966792', 'uni.wangych@haier.com', '5', '7', '离职', '1', '阳光雨露', '青岛海尔工业园', '2012-07-27', '', '2014-11-27', 'NULL', '', '', '1', '1899-12-30 08:50:00', '1899-12-30 18:00:00', '1899-12-30 10:00:00', '1899-12-30 16:00:00', '0', '0', '0');
INSERT INTO `userinfo` VALUES ('44', '訾广众', 'Haier,123', '18653288043', 'uni.zigzh@haier.com', '5', '12', '离职', '1', '阳光雨露', '青岛海尔工业园', '2010-05-04', '接替刘燕朋', null, 'NULL', '', '', '1', '1899-12-30 08:50:00', '1899-12-30 18:00:00', '1899-12-30 10:00:00', '1899-12-30 16:00:00', '0', '149', '107.5');
INSERT INTO `userinfo` VALUES ('45', '陈绍兵', 'Haier,123', '18653288220', 'uni.chenshb@haier.com', '5', '7', '在职', '1', '阳光雨露', '青岛海尔工业园', '2009-11-12', '', null, 'NULL', '', '', '1', '1899-12-30 08:50:00', '1899-12-30 18:00:00', '1899-12-30 10:00:00', '1899-12-30 16:00:00', '0', '37', '0');
INSERT INTO `userinfo` VALUES ('46', '徐瑞', 'Haier,123', '13375588628', 'xurui@haier.com', '5', '7', '离职', '1', '神州数码', '青岛海尔工业园', '2014-01-01', '新增', '2015-01-31', 'NULL', '', '', '1', '1899-12-30 08:50:00', '1899-12-30 18:00:00', '1899-12-30 10:00:00', '1899-12-30 16:00:00', '0', '0', '0');
INSERT INTO `userinfo` VALUES ('47', '徐亮', 'Haier,123', '18669858562', 'hq-xuliang@chinaunicom.cn', '3', '4', '离职', '1', '阳光雨露', '青岛海尔工业园', '2009-09-01', '', null, 'NULL', '', '', '1', '1899-12-30 08:50:00', '1899-12-30 18:00:00', '1899-12-30 10:00:00', '1899-12-30 16:00:00', '0', '-6', '1.73');
INSERT INTO `userinfo` VALUES ('48', '王彬', 'Haier,123', '18669830312', 'uni.wangbin@haier.com', '5', '12', '离职', '1', '龙泰天祥', '青岛海尔工业园', '2009-09-01', '', null, 'NULL', '', '', '1', '1899-12-30 08:50:00', '1899-12-30 18:00:00', '1899-12-30 10:00:00', '1899-12-30 16:00:00', '0', '0', '23.7');
INSERT INTO `userinfo` VALUES ('49', '于海洋', 'Haier,123', '18669885880', 'uni.yuhy@haier.com', '3', '4', '在职', '1', '阳光雨露', '青岛海尔工业园', '2009-09-01', '', null, 'NULL', '', '', '1', '1899-12-30 08:50:00', '1899-12-30 18:00:00', '1899-12-30 10:00:00', '1899-12-30 16:00:00', '0', '93', '58.5');
INSERT INTO `userinfo` VALUES ('50', '宋奕', 'Haier,123', '15588688077', 'uni.songyi@haier.com', '5', '4', '离职', '1', '龙泰天祥', '青岛海尔工业园', '2014-05-06', '', '2015-01-12', 'NULL', '', '', '1', '1899-12-30 08:50:00', '1899-12-30 18:00:00', '1899-12-30 10:00:00', '1899-12-30 16:00:00', '0', '0', '25.5');
INSERT INTO `userinfo` VALUES ('51', '马涛', 'Haier,123', '18678907093', 'uni.mat@haier.com', '5', '12', '离职', '1', '龙泰天祥', '青岛海尔工业园', '2011-04-25', '', '2016-01-19', 'NULL', '', '', '1', '1899-12-30 08:50:00', '1899-12-30 18:00:00', '1899-12-30 10:00:00', '1899-12-30 16:00:00', '0', '0', '56');
INSERT INTO `userinfo` VALUES ('52', '王洪坤', 'Haier,123', '15863029505', 'uni.wanghk@haier.com', '5', '4', '离职', '1', '龙泰天祥', '青岛海尔工业园', '2012-05-22', '', null, 'NULL', '', '', '1', '1899-12-30 08:50:00', '1899-12-30 18:00:00', '1899-12-30 10:00:00', '1899-12-30 16:00:00', '0', '0', '0');
INSERT INTO `userinfo` VALUES ('53', '杨晨', 'Haier,123', '15066391830', 'uni.yangchen@haier.com', '5', '4', '离职', '1', '龙泰天祥', '青岛海尔工业园', '2013-11-01', '', '2015-03-05', 'NULL', '', '', '1', '1899-12-30 08:50:00', '1899-12-30 18:00:00', '1899-12-30 10:00:00', '1899-12-30 16:00:00', '0', '0', '9.25');
INSERT INTO `userinfo` VALUES ('54', '王仁修', 'Haier,123', '18953221080', 'uni.wangrx@haier.com', '5', '4', '离职', '1', '龙泰天祥', '青岛海尔工业园', '2013-10-14', '接替邵建平', null, 'NULL', '', '', '1', '1899-12-30 08:50:00', '1899-12-30 18:00:00', '1899-12-30 10:00:00', '1899-12-30 16:00:00', '0', '0', '0');
INSERT INTO `userinfo` VALUES ('55', '车礼聚', 'Haier,123', '18669712628', 'uni.chelj@haier.com', '5', '4', '离职', '1', '神码通用', '青岛海尔工业园', '2014-05-12', '接替于超', '2015-02-25', 'NULL', '', '', '1', '1899-12-30 08:50:00', '1899-12-30 18:00:00', '1899-12-30 10:00:00', '1899-12-30 16:00:00', '0', '40', '91');
INSERT INTO `userinfo` VALUES ('56', '赵红志', 'Haier,123', '17753270304', 'uni.zhaohzh@haier.com', '5', '4', '在职', '1', '龙泰天祥', '青岛海尔工业园', '2014-03-19', '接替邵光飞', null, 'NULL', '', '', '1', '1899-12-30 08:50:00', '1899-12-30 18:00:00', '1899-12-30 10:00:00', '1899-12-30 16:00:00', '0', '0', '0');
INSERT INTO `userinfo` VALUES ('57', '牛同刚', 'Haier,123', '18605327678', 'cnc_niutg@haier.com', '3', '6', '离职', '1', '拓天', '青岛海尔工业园', '2008-04-01', '', null, 'NULL', '', '', '1', '1899-12-30 08:50:00', '1899-12-30 18:00:00', '1899-12-30 10:00:00', '1899-12-30 16:00:00', '0', '124', '0');
INSERT INTO `userinfo` VALUES ('58', '石宪清', 'Haier,123', '18663902855', 'cnc_shixq@haier.com ', '5', '6', '离职', '1', '拓天', '青岛海尔工业园', '2008-04-01', '', '2015-09-03', 'NULL', '', '', '1', '1899-12-30 08:50:00', '1899-12-30 18:00:00', '1899-12-30 10:00:00', '1899-12-30 16:00:00', '0', '48', '0');
INSERT INTO `userinfo` VALUES ('59', '刘琳琳', 'Haier,123', '15615327963', 'uni.liull@haier.com', '5', '6', '在职', '1', '拓天', '青岛海尔工业园', '2012-06-01', '接替刘永宏', null, 'NULL', '', '', '1', '1899-12-30 08:50:00', '1899-12-30 18:00:00', '1899-12-30 10:00:00', '1899-12-30 16:00:00', '0', '64', '0');
INSERT INTO `userinfo` VALUES ('60', '齐可友', 'Haier,123', '18678980993', 'uni.qiky@haier.com', '5', '6', '离职', '1', '拓天', '青岛海尔工业园', '2013-05-02', '', null, 'NULL', '', '', '1', '1899-12-30 08:50:00', '1899-12-30 18:00:00', '1899-12-30 10:00:00', '1899-12-30 16:00:00', '0', '36', '0');
INSERT INTO `userinfo` VALUES ('61', '王鑫鹏', 'Haier,123', '18663920107', 'uni.wangxp@haier.com', '5', '6', '离职', '1', '拓天', '青岛海尔工业园', '2013-09-13', '新增', '2015-03-28', 'NULL', '', '', '1', '1899-12-30 08:50:00', '1899-12-30 18:00:00', '1899-12-30 10:00:00', '1899-12-30 16:00:00', '0', '40', '0');
INSERT INTO `userinfo` VALUES ('62', '刘昶', 'Haier,123', '15605328755', 'uni.wushn@haier.com', '5', '6', '离职', '1', '拓天', '青岛海尔工业园', '2014-08-01', '接替吴绍宁', null, 'NULL', '', '', '1', '1899-12-30 08:50:00', '1899-12-30 18:00:00', '1899-12-30 10:00:00', '1899-12-30 16:00:00', '0', '16', '0');
INSERT INTO `userinfo` VALUES ('63', '赵海滨', 'Haier,123', '18553295938', 'uni.zhaohb@haier.com', '3', '5', '在职', '1', '蓝色快车', '黄岛工业园', '2009-09-01', '', null, 'NULL', '', '', '1', '1899-12-30 08:50:00', '1899-12-30 18:00:00', '1899-12-30 10:00:00', '1899-12-30 16:00:00', '0', '16', '3');
INSERT INTO `userinfo` VALUES ('64', '张延宁', 'Haier,123', '18661886260', 'uni.zhangyn@haier.com', '5', '5', '离职', '1', '阳光雨露', '黄岛工业园', '2009-09-01', '', null, 'NULL', '', '', '1', '1899-12-30 08:50:00', '1899-12-30 18:00:00', '1899-12-30 10:00:00', '1899-12-30 16:00:00', '1', '0', '0');
INSERT INTO `userinfo` VALUES ('65', '李宗国', 'Haier,123', '15063944590', 'uni.lizg@haier.com', '5', '5', '离职', '1', '阳光雨露', '黄岛工业园', '2011-09-14', '', '2015-05-31', 'NULL', '', '', '1', '1899-12-30 08:50:00', '1899-12-30 18:00:00', '1899-12-30 10:00:00', '1899-12-30 16:00:00', '0', '56', '8.5');
INSERT INTO `userinfo` VALUES ('66', '布和', 'Haier,123', '15166022329', 'uni.buhe@haier.com', '5', '5', '离职', '1', '蓝色快车', '黄岛工业园', '2014-04-15', '接替荐云程', null, 'NULL', '', '', '1', '1899-12-30 08:50:00', '1899-12-30 18:00:00', '1899-12-30 10:00:00', '1899-12-30 16:00:00', '0', '0', '0');
INSERT INTO `userinfo` VALUES ('67', '张成', 'Haier,123', '18562651545', 'uni.zhangcheng@haier.com', '5', '5', '离职', '1', '蓝色快车', '黄岛工业园', '2013-10-10', '接替韩东真', '2015-06-14', 'NULL', '', '', '1', '1899-12-30 08:50:00', '1899-12-30 18:00:00', '1899-12-30 10:00:00', '1899-12-30 16:00:00', '0', '16', '0');
INSERT INTO `userinfo` VALUES ('68', '孙宏宇', 'Haier,123', '17685579207', 'uni.sunhy@haier.com', '5', '5', '在职', '1', '阳光雨露', '黄岛工业园', '2012-07-23', '接替王林', null, 'NULL', '', '', '1', '1899-12-30 08:50:00', '1899-12-30 18:00:00', '1899-12-30 10:00:00', '1899-12-30 16:00:00', '1', '44', '0');
INSERT INTO `userinfo` VALUES ('69', '孙鹏', 'Haier,123', '18653262923', 'uni.sunp@haier.com', '5', '4', '离职', '1', '阳光雨露', '黄岛工业园', '2011-03-01', '', '2015-08-25', 'NULL', '', '', '1', '1899-12-30 08:50:00', '1899-12-30 18:00:00', '1899-12-30 10:00:00', '1899-12-30 16:00:00', '0', '52', '6');
INSERT INTO `userinfo` VALUES ('70', '孟祥山', 'Haier,123', '18660242070', 'uni.mengxsh@haier.com', '5', '5', '在职', '1', '蓝色快车', '胶南工业园', '2011-07-27', '', null, 'NULL', '', '', '1', '1899-12-30 09:00:00', '1899-12-30 18:00:00', '1899-12-30 10:00:00', '1899-12-30 16:00:00', '0', '40', '7');
INSERT INTO `userinfo` VALUES ('71', '张立伦', 'Haier,123', '18300218775', 'uni.zhangll@haier.com', '5', '5', '在职', '1', '蓝色快车', '平度工业园', '2009-09-01', '', null, 'NULL', '', '', '1', '1899-12-30 09:00:00', '1899-12-30 18:00:00', '1899-12-30 10:00:00', '1899-12-30 16:00:00', '0', '40', '0');
INSERT INTO `userinfo` VALUES ('72', '刘凡', 'Haier,123', '18508352540', 'uni.liuf@haier.com', '5', '5', '离职', '1', '龙泰天祥', '胶州工业园', '2012-06-13', '', null, 'NULL', '', '', '1', '1899-12-30 09:00:00', '1899-12-30 17:30:00', '1899-12-30 10:00:00', '1899-12-30 16:00:00', '0', '0', '0');
INSERT INTO `userinfo` VALUES ('73', '冯勋迪', 'Haier,123', '18561604608', 'uni.fengxd@haier.com', '5', '4', '离职', '1', '龙泰天祥', '胶州工业园', '2013-08-26', '', null, 'NULL', '', '', '1', '1899-12-30 09:00:00', '1899-12-30 17:30:00', '1899-12-30 10:00:00', '1899-12-30 16:00:00', '0', '0', '0');
INSERT INTO `userinfo` VALUES ('74', '孟祥来', 'Haier,123', '13804087712', 'uni.mengxl@haier.com', '5', '9', '在职', '1', '神码通用', '大连工业园', '2014-06-11', '接替侯志', null, 'NULL', '', '', '3', '1899-12-30 09:00:00', '1899-12-30 17:30:00', '1899-12-30 09:00:00', '1899-12-30 18:00:00', '0', '80', '0');
INSERT INTO `userinfo` VALUES ('75', '王圣君', 'Haier,123', '18641113270', 'uni.houzh@haier.com', '5', '9', '离职', '1', '当地分公司', '大连工业园', '2010-01-01', '', '2014-12-31', 'NULL', '', '', '3', '1899-12-30 09:00:00', '1899-12-30 18:00:00', '1899-12-30 09:00:00', '1899-12-30 18:00:00', '0', '0', '0');
INSERT INTO `userinfo` VALUES ('76', '贾鑫龙', 'Haier,123', '18640138367', 'uni.jiaxl@haier.com', '5', '9', '在职', '1', '神码通用', '沈阳工业园', '2012-09-02', '', null, 'NULL', '', '', '1', '1899-12-30 09:00:00', '1899-12-30 17:30:00', '1899-12-30 10:00:00', '1899-12-30 16:00:00', '0', '40', '0');
INSERT INTO `userinfo` VALUES ('77', '班昌俊', 'Haier,123', '18690732713', 'uni.banchj@haier.com', '5', '9', '离职', '1', '阳光雨露', '遵义工业园', '2012-10-01', '接替程英明', null, 'NULL', '', '', '3', '1899-12-30 08:50:00', '1899-12-30 18:00:00', '1899-12-30 10:00:00', '1899-12-30 16:00:00', '0', '0', '0');
INSERT INTO `userinfo` VALUES ('78', '徐孝彬', 'Haier,123', '15685202119', 'uni.xuxb@haier.com', '5', '9', '离职', '1', '阳光雨露', '遵义工业园', '2014-07-15', '接替葛玉河', '2015-01-18', 'NULL', '', '', '3', '1899-12-30 09:00:00', '1899-12-30 18:00:00', '1899-12-30 09:00:00', '1899-12-30 16:00:00', '0', '0', '0');
INSERT INTO `userinfo` VALUES ('79', '杨秀立', 'Haier,123', '18685292409', '', '5', '9', '在职', '1', '当地分公司', '遵义工业园', '2010-10-01', '', null, 'NULL', '', '', '3', '1899-12-30 09:00:00', '1899-12-30 18:00:00', '1899-12-30 09:00:00', '1899-12-30 18:00:00', '0', '0', '0');
INSERT INTO `userinfo` VALUES ('80', '鲁顺龙', 'Haier,123', '18685292139', '', '5', '9', '在职', '1', '当地分公司', '遵义工业园', '2010-10-01', '', null, 'NULL', '', '', '3', '1899-12-30 09:00:00', '1899-12-30 18:00:00', '1899-12-30 09:00:00', '1899-12-30 18:00:00', '0', '0', '0');
INSERT INTO `userinfo` VALUES ('81', '赵恒明', 'Haier,123', '17756059348', 'uni.zhaohm@haier.com', '5', '9', '离职', '1', '阳光雨露', '合肥工业园', '2014-07-23', '接替陈爱林', '2017-03-11', 'NULL', '', '', '1', '1899-12-30 09:00:00', '1899-12-30 17:30:00', '1899-12-30 10:00:00', '1899-12-30 17:30:00', '0', '0', '0');
INSERT INTO `userinfo` VALUES ('82', '张久洲', 'Haier,123', '15656094990', 'uni.zhangjzh@haier.com', '5', '9', '李职', '1', '阳光雨露', '合肥工业园', '2014-07-23', '接替范亚东', '2016-07-31', 'NULL', '', '', '1', '1899-12-30 09:00:00', '1899-12-30 17:30:00', '1899-12-30 10:00:00', '1899-12-30 17:30:00', '0', '0', '0');
INSERT INTO `userinfo` VALUES ('83', '李志强', 'Haier,123', '18605652365', 'uni.lizhq@haier.com', '5', '9', '离职', '1', '阳光雨露', '合肥工业园', '2014-04-08', '', '2016-12-01', 'NULL', '', '', '1', '1899-12-30 09:00:00', '1899-12-30 17:30:00', '1899-12-30 10:00:00', '1899-12-30 16:00:00', '0', '0', '17');
INSERT INTO `userinfo` VALUES ('84', '叶建龙', 'Haier,123', '15695654476', 'uni.yejl@haier.com', '5', '9', '在职', '1', '阳光雨露', '合肥工业园', '2014-04-08', '接替房令翔', null, 'NULL', '', '', '3', '1899-12-30 09:00:00', '1899-12-30 17:30:00', '1899-12-30 10:00:00', '1899-12-30 17:30:00', '0', '0', '0');
INSERT INTO `userinfo` VALUES ('85', '周立', 'Haier,123', '18655757007', '', '5', '9', '在职', '1', '当地分公司', '合肥工业园', '2010-01-01', '', null, 'NULL', '', '', '3', '1899-12-30 09:00:00', '1899-12-30 18:00:00', '1899-12-30 09:00:00', '1899-12-30 18:00:00', '0', '0', '0');
INSERT INTO `userinfo` VALUES ('86', '汪福', 'Haier,123', '18171087879', 'uni.wangf@haier.com', '5', '9', '离职', '1', '神码通用', '武汉工业园', '2014-05-08', '接替张剑', '2015-03-05', 'NULL', '', '', '3', '1899-12-30 09:00:00', '1899-12-30 17:30:00', '1899-12-30 09:30:00', '1899-12-30 16:00:00', '0', '40', '0');
INSERT INTO `userinfo` VALUES ('87', '刘刚', 'Haier,123', '18674064332', 'uni.liug@haier.com', '5', '9', '在职', '1', '神码通用', '武汉工业园', '2011-08-01', '', null, 'NULL', '', '', '1', '1899-12-30 09:00:00', '1899-12-30 17:30:00', '1899-12-30 09:30:00', '1899-12-30 16:00:00', '0', '80', '0');
INSERT INTO `userinfo` VALUES ('88', '陈彦彬', 'Haier,123', '18607157199', '', '5', '9', '在职', '1', '当地分公司', '武汉工业园', '2010-01-01', '', null, 'NULL', '', '', '3', '1899-12-30 09:00:00', '1899-12-30 18:00:00', '1899-12-30 09:00:00', '1899-12-30 18:00:00', '0', '0', '0');
INSERT INTO `userinfo` VALUES ('89', '丁钰群', 'Haier,123', '18607191306', '', '5', '9', '在职', '1', '当地分公司', '', '2010-01-01', '', null, 'NULL', '', '', '3', '1899-12-30 09:00:00', '1899-12-30 18:00:00', '1899-12-30 09:00:00', '1899-12-30 18:00:00', '0', '0', '0');
INSERT INTO `userinfo` VALUES ('90', '雷道杰', 'Haier,123', '18607184664', '', '5', '9', '在职', '1', '当地分公司', '武汉工业园', '2010-01-01', '', null, 'NULL', '', '', '3', '1899-12-30 09:00:00', '1899-12-30 18:00:00', '1899-12-30 09:00:00', '1899-12-30 18:00:00', '0', '0', '0');
INSERT INTO `userinfo` VALUES ('91', '徐甘', 'Haier,123', '18580707071', 'uni.xug@haier.com', '5', '9', '在职', '1', '阳光雨露', '重庆工业园', '2012-05-01', '', null, 'NULL', '', '', '3', '1899-12-30 09:00:00', '1899-12-30 17:30:00', '1899-12-30 09:30:00', '1899-12-30 17:00:00', '0', '56', '0');
INSERT INTO `userinfo` VALUES ('92', '陈跃', 'Haier,123', '15923967723', 'uni.cheny@haier.com', '5', '9', '离职', '1', '阳光雨露', '重庆金融', '2012-03-01', '', null, 'NULL', '', '', '1', '1899-12-30 09:00:00', '1899-12-30 17:25:00', null, null, '0', '16', '0');
INSERT INTO `userinfo` VALUES ('93', '黄龙', 'Haier,123', '18623124615', 'uni.huangl@haier.com', '5', '9', '在职', '1', '阳光雨露', '重庆工业园', '2011-03-01', '', null, 'NULL', '', '', '3', '1899-12-30 09:00:00', '1899-12-30 17:30:00', '1899-12-30 09:30:00', '1899-12-30 17:00:00', '0', '40', '0');
INSERT INTO `userinfo` VALUES ('94', '陈锋', 'Haier,123', '18623321010', '', '5', '9', '在职', '1', '当地分公司', '重庆工业园', '2010-01-01', '', null, 'NULL', '', '', '3', '1899-12-30 09:00:00', '1899-12-30 18:00:00', '1899-12-30 09:00:00', '1899-12-30 18:00:00', '0', '0', '0');
INSERT INTO `userinfo` VALUES ('95', '徐玉成', 'Haier,123', '18696696932', '', '5', '9', '在职', '1', '当地分公司', '重庆工业园', '2010-01-01', '', null, 'NULL', '', '', '3', '1899-12-30 09:00:00', '1899-12-30 18:00:00', '1899-12-30 09:00:00', '1899-12-30 18:00:00', '0', '0', '0');
INSERT INTO `userinfo` VALUES ('96', '欧广宁', 'Haier,123', '13823451889', 'uni.ougn@haier.com', '5', '9', '离职', '1', '阳光雨露', '顺德工业园', '2013-04-27', '接替张锦彪', null, 'NULL', '', '', '3', '1899-12-30 09:00:00', '1899-12-30 17:30:00', '1899-12-30 10:00:00', '1899-12-30 15:00:00', '0', '0', '7');
INSERT INTO `userinfo` VALUES ('97', '毕凡', 'Haier,123', '18603093947', 'uni.bif@haier.com', '5', '9', '在职', '1', '阳光雨露', '顺德工业园', '2009-09-01', '', null, 'NULL', '', '', '3', '1899-12-30 09:00:00', '1899-12-30 17:30:00', '1899-12-30 10:00:00', '1899-12-30 15:00:00', '0', '40', '3.5');
INSERT INTO `userinfo` VALUES ('98', '谢斌兰', 'Haier,123', '18666540615', '', '5', '9', '在职', '1', '当地分公司', '顺德工业园', '2010-01-01', '', null, 'NULL', '', '', '3', '1899-12-30 09:00:00', '1899-12-30 18:00:00', '1899-12-30 09:00:00', '1899-12-30 18:00:00', '0', '0', '0');
INSERT INTO `userinfo` VALUES ('99', '梁建平', 'Haier,123', '18666752986', '', '5', '9', '在职', '1', '当地分公司', '顺德工业园', '2010-01-01', '', null, 'NULL', '', '', '3', '1899-12-30 09:00:00', '1899-12-30 18:00:00', '1899-12-30 09:00:00', '1899-12-30 18:00:00', '0', '0', '0');
INSERT INTO `userinfo` VALUES ('100', '李可湘', 'Haier,123', '13428164168', 'uni.likx@haier.com', '5', '9', '离职', '1', '阳光雨露', '佛山工业园', '2013-07-17', '接替廖厚望', '2014-11-30', 'NULL', '', '', '3', '1899-12-30 09:00:00', '1899-12-30 17:30:00', '1899-12-30 10:00:00', '1899-12-30 15:30:00', '0', '0', '0');
INSERT INTO `userinfo` VALUES ('101', '姜向博', 'Haier,123', '15225083369', 'uni.jiangxb@haier.com', '5', '9', '在职', '1', '阳光雨露', '郑州工业园', '2014-07-31', '新增', null, 'NULL', '', '', '3', '1899-12-30 09:00:00', '1899-12-30 17:30:00', '1899-12-30 10:00:00', '1899-12-30 16:00:00', '0', '0', '1');
INSERT INTO `userinfo` VALUES ('102', '张鹏铭', 'Haier,123', '13061305029', 'uni.zhangpm@haier.com', '5', '5', '离职', '1', '龙泰天祥', '青岛工贸', '2013-05-20', '接替陈龙', null, 'NULL', '', '', '1', '1899-12-30 09:00:00', '1899-12-30 18:00:00', '1899-12-30 09:30:00', '1899-12-30 15:30:00', '0', '0', '0');
INSERT INTO `userinfo` VALUES ('103', '郝丙伟', 'Haier,123', '18053108889', 'uni.haobw@haier.com', '5', '9', '在职', '1', '阳光雨露', '济南工贸', '2013-02-26', '', null, 'NULL', '', '', '3', '1899-12-30 09:00:00', '1899-12-30 17:30:00', '1899-12-30 09:30:00', '1899-12-30 17:00:00', '0', '56', '0');
INSERT INTO `userinfo` VALUES ('104', '王成亮', 'Haier,123', '13031642305', 'uni.wangchl@haier.com', '5', '9', '在职', '1', '阳光雨露', '烟台工贸', '2010-04-01', '', null, 'NULL', '', '', '3', '1899-12-30 09:00:00', '1899-12-30 17:00:00', '1899-12-30 09:00:00', '1899-12-30 18:00:00', '0', '0', '0');
INSERT INTO `userinfo` VALUES ('105', '薛孟', 'Haier,123', '13475378817', 'uni.xuem@haier.com', '5', '9', '在职', '1', '蓝色快车', '济宁工贸', '2013-08-22', '接替孙冠', null, 'NULL', '', '', '3', '1899-12-30 09:00:00', '1899-12-30 17:30:00', '1899-12-30 09:30:00', '1899-12-30 17:00:00', '0', '40', '0');
INSERT INTO `userinfo` VALUES ('106', '陆新宇', 'Haier,123', '15657128492', 'uni.luxy@haier.com', '5', '9', '离职', '1', '阳光雨露', '杭州工贸', '2014-06-04', '接替孔雪刚', '2014-10-08', 'NULL', '', '', '3', '1899-12-30 09:00:00', '1899-12-30 18:00:00', '1899-12-30 10:00:00', '1899-12-30 17:00:00', '0', '0', '0');
INSERT INTO `userinfo` VALUES ('107', '刘栋', 'Haier,123', '13245684593', 'uni.liud@haier.com ', '5', '9', '在职', '1', '蓝色快车', '宁波工贸', '2012-06-01', '', null, 'NULL', '', '', '1', '1899-12-30 09:00:00', '1899-12-30 18:00:00', '1899-12-30 09:00:00', '1899-12-30 18:00:00', '0', '40', '0');
INSERT INTO `userinfo` VALUES ('108', '盛俊华', 'Haier,123', '15058513702', '342042592@qq.com', '5', '9', '在职', '4', '阳光雨露', '温州工贸', '2012-10-01', '', null, 'NULL', '', '', '3', '1899-12-30 09:00:00', '1899-12-30 18:00:00', '1899-12-30 09:00:00', '1899-12-30 18:00:00', '0', '0', '0');
INSERT INTO `userinfo` VALUES ('109', '王兆波', 'Haier,123', '18103830997', 'uni.wangzhb@haier.com', '5', '9', '离职', '1', '阳光雨露', '郑州工贸', '2009-09-14', '', '2016-01-24', 'NULL', '', '', '1', '1899-12-30 09:00:00', '1899-12-30 17:30:00', '1899-12-30 09:30:00', '1899-12-30 17:30:00', '0', '96', '2');
INSERT INTO `userinfo` VALUES ('110', '李华健', 'Haier,123', '18620027970', 'uni.lihj@haier.com', '5', '9', '在职', '1', '阳光雨露', '广州工贸', '2014-05-29', '接替刘庆豪', null, 'NULL', '', '', '3', '1899-12-30 09:00:00', '1899-12-30 18:00:00', '1899-12-30 09:30:00', '1899-12-30 17:30:00', '0', '40', '0');
INSERT INTO `userinfo` VALUES ('111', '韦欧阳', 'Haier,123', '18503035331', 'uni.weiouy@haier.com', '5', '9', '离职', '1', '阳光雨露', '深圳工贸', '2013-03-25', '接替蔡子炜', '2015-07-06', 'NULL', '', '', '3', '1899-12-30 09:00:00', '1899-12-30 18:00:00', '1899-12-30 09:00:00', '1899-12-30 18:00:00', '0', '32', '0');
INSERT INTO `userinfo` VALUES ('112', '李宏杰', 'Haier,123', '13829666710', '50910707@qq.com', '5', '9', '在职', '4', '阳光雨露', '汕头工贸', '2010-09-01', '', null, 'NULL', '', '', '3', '1899-12-30 09:00:00', '1899-12-30 18:00:00', '1899-12-30 09:00:00', '1899-12-30 18:00:00', '0', '0', '0');
INSERT INTO `userinfo` VALUES ('113', '郭亮', 'Haier,123', '13014294213', 'guoliang430003@163.com', '5', '9', '离职', '4', '阳光雨露', '银川工贸', '2014-04-02', '接替刘江', '2015-01-06', 'NULL', '', '', '3', '1899-12-30 09:00:00', '1899-12-30 18:00:00', '1899-12-30 09:00:00', '1899-12-30 18:00:00', '0', '0', '0');
INSERT INTO `userinfo` VALUES ('114', '杨康', 'Haier,123', '15578994971', 'uni.yangk@haier.com', '5', '9', '离职', '3', '神码通用', '南宁工贸', '2013-06-03', '接替雷景翔', null, 'NULL', '', '', '3', '1899-12-30 09:00:00', '1899-12-30 18:00:00', '1899-12-30 10:00:00', '1899-12-30 16:00:00', '0', '0', '0');
INSERT INTO `userinfo` VALUES ('115', '李涛', 'Haier,123', '13785121172', 'uni.lit@haier.com', '5', '9', '在职', '1', '阳光雨露', '石家庄工贸', '2009-09-01', '', null, 'NULL', '', '', '3', '1899-12-30 09:00:00', '1899-12-30 18:00:00', '1899-12-30 09:00:00', '1899-12-30 18:00:00', '0', '56', '2.5');
INSERT INTO `userinfo` VALUES ('116', '蒲红伟', 'Haier,123', '13400391459', 'puhw@sunits.com', '5', '9', '在职', '4', '阳光雨露', '保定二级工贸', '2010-03-01', '', null, 'NULL', '', '', '3', '1899-12-30 09:00:00', '1899-12-30 18:00:00', '1899-12-30 09:00:00', '1899-12-30 18:00:00', '0', '0', '0');
INSERT INTO `userinfo` VALUES ('117', '张宝川', 'Haier,123', '18931453628', '122570588@163.com', '5', '9', '在职', '4', '阳光雨露', '唐山工贸', '2012-12-01', '接替马青', null, 'NULL', '', '', '3', '1899-12-30 09:00:00', '1899-12-30 18:00:00', '1899-12-30 09:00:00', '1899-12-30 18:00:00', '0', '0', '0');
INSERT INTO `userinfo` VALUES ('118', '王亮', 'Haier,123', '18651890922', 'uni.wangl@haier.com', '5', '9', '在职', '1', '阳光雨露', '南京工贸', '2009-09-14', '', null, 'NULL', '', '', '3', '1899-12-30 09:00:00', '1899-12-30 18:00:00', '1899-12-30 10:00:00', '1899-12-30 17:00:00', '0', '40', '0');
INSERT INTO `userinfo` VALUES ('119', '张天星', 'Haier,123', '15950660920', 'uni.zhangtx@haier.com', '5', '9', '在职', '1', '阳光雨露', '徐州工贸', '2011-03-01', '', null, 'NULL', '', '', '3', '1899-12-30 09:00:00', '1899-12-30 17:30:00', '1899-12-30 10:00:00', '1899-12-30 17:00:00', '0', '0', '0');
INSERT INTO `userinfo` VALUES ('120', '严圣谊', 'Haier,123', '15861660981', 'uni.yanshy@haier.com', '5', '9', '离职', '1', '阳光雨露', '无锡工贸', '2014-07-01', '接替王东', '2015-03-09', 'NULL', '', '', '3', '1899-12-30 09:00:00', '1899-12-30 18:00:00', '1899-12-30 09:00:00', '1899-12-30 18:00:00', '0', '0', '0');
INSERT INTO `userinfo` VALUES ('121', '孙雪平', 'Haier,123', '13906201121', 'sssinfo@163.com', '5', '9', '在职', '4', '阳光雨露', '苏州二级工贸', '2009-09-01', '', null, 'NULL', '', '', '3', '1899-12-30 09:00:00', '1899-12-30 18:00:00', '1899-12-30 09:00:00', '1899-12-30 18:00:00', '0', '0', '0');
INSERT INTO `userinfo` VALUES ('122', '吴天生', 'Haier,123', '18684846019', 'uni.wutsh@haier.com', '5', '9', '在职', '4', '阳光雨露', '长沙工贸', '2010-03-11', '', null, 'NULL', '', '', '3', '1899-12-30 09:00:00', '1899-12-30 18:00:00', '1899-12-30 09:30:00', '1899-12-30 17:00:00', '0', '56', '0');
INSERT INTO `userinfo` VALUES ('123', '石磊', 'Haier,123', '18200514740', 'uni.dengjia@haier.com', '5', '9', '离职', '1', '蓝色快车', '城都工贸', '2014-06-17', '接替邓嘉', null, 'NULL', '', '', '3', '1899-12-30 09:00:00', '1899-12-30 18:00:00', '1899-12-30 09:00:00', '1899-12-30 18:00:00', '0', '0', '0');
INSERT INTO `userinfo` VALUES ('124', '黄荣杰', 'Haier,123', '13618326585', 'uni.huangrj@haier.com', '5', '9', '在职', '1', '阳光雨露', '重庆工贸', '2012-12-01', '接替钟骏', null, 'NULL', '', '', '3', '1899-12-30 09:00:00', '1899-12-30 17:45:00', '1899-12-30 09:30:00', '1899-12-30 17:00:00', '0', '40', '0');
INSERT INTO `userinfo` VALUES ('125', '王勇波', 'Haier,123', '13257271424', '346176234@qq.com', '5', '9', '在职', '4', '阳光雨露', '襄樊工贸', '2014-07-03', '接替张佩', null, 'NULL', '', '', '3', '1899-12-30 09:00:00', '1899-12-30 18:00:00', '1899-12-30 09:00:00', '1899-12-30 18:00:00', '0', '0', '0');
INSERT INTO `userinfo` VALUES ('126', '石晓君', 'Haier,123', '18672949063', 'uni.shixj@haier.com', '5', '9', '在职', '1', '神码通用', '武汉工贸', '2014-04-11', '接替彭浩', null, 'NULL', '', '', '3', '1899-12-30 09:00:00', '1899-12-30 17:30:00', '1899-12-30 09:00:00', '1899-12-30 18:00:00', '0', '80', '0');
INSERT INTO `userinfo` VALUES ('127', '孟世超', 'Haier,123', '18699167685', 'uni.mengshch@haier.com', '5', '9', '在职', '1', '阳光雨露', '乌鲁木齐工贸', '2013-03-14', '接替曹旭东', null, 'NULL', '', '', '3', '1899-12-30 10:00:00', '1899-12-30 19:00:00', '1899-12-30 09:00:00', '1899-12-30 18:00:00', '0', '0', '0');
INSERT INTO `userinfo` VALUES ('128', '阎飞', 'Haier,123', '15940015501', 'uni.yanfa@haier.com', '5', '9', '在职', '1', '神码通用', '沈阳工贸', '2012-06-01', '', null, 'NULL', '', '', '3', '1899-12-30 09:00:00', '1899-12-30 17:30:00', '1899-12-30 09:00:00', '1899-12-30 18:00:00', '0', '80', '5');
INSERT INTO `userinfo` VALUES ('129', '尚赢杰', 'Haier,123', '13654943350', 'uni.shangyj@haier.com', '5', '9', '离职', '1', '神码通用', '大连工贸', '2013-07-02', '接替田超', null, 'NULL', '', '', '3', '1899-12-30 09:00:00', '1899-12-30 17:30:00', '1899-12-30 09:00:00', '1899-12-30 18:00:00', '0', '40', '0');
INSERT INTO `userinfo` VALUES ('130', '邹广祺', 'Haier,123', '17704163958', 'uni.zougq@haier.com', '5', '9', '在职', '1', '神码通用', '锦州工贸', '2011-08-01', '', null, 'NULL', '', '', '1', '1899-12-30 08:30:00', '1899-12-30 17:30:00', '1899-12-30 09:00:00', '1899-12-30 17:00:00', '0', '160', '0');
INSERT INTO `userinfo` VALUES ('131', '刘瑞峰', 'Haier,123', '18947150899', 'uni.liurf@haier.com', '5', '9', '离职', '1', '神码通用', '呼和浩特工贸', '2011-10-01', '', null, 'NULL', '', '', '3', '1899-12-30 09:00:00', '1899-12-30 17:30:00', '1899-12-30 09:00:00', '1899-12-30 18:00:00', '0', '0', '0');
INSERT INTO `userinfo` VALUES ('132', '石成军', 'Haier,123', '13893248291', 'uni.shichj@haier.com', '5', '9', '在职', '1', '阳光雨露', '兰州工贸', '2012-08-01', '接替赵涛惠', null, 'NULL', '', '', '3', '1899-12-30 09:00:00', '1899-12-30 18:00:00', '1899-12-30 09:00:00', '1899-12-30 18:00:00', '0', '40', '0');
INSERT INTO `userinfo` VALUES ('133', '李青', 'Haier,123', '18678613521', '18678613521@126.com', '5', '9', '离职', '4', '阳光雨露', '西宁工贸', '2013-01-29', '接替王玉贤', null, 'NULL', '', '', '3', '1899-12-30 09:00:00', '1899-12-30 18:00:00', '1899-12-30 09:00:00', '1899-12-30 18:00:00', '0', '0', '0');
INSERT INTO `userinfo` VALUES ('134', '陈振华', 'Haier,123', '13379061747', 'uni.chenzhh@haier.com', '5', '9', '离职', '1', '神码通用', '西安工贸', '2011-09-01', '', '2016-05-17', 'NULL', '', '', '1', '1899-12-30 09:00:00', '1899-12-30 18:00:00', '1899-12-30 09:00:00', '1899-12-30 18:00:00', '0', '80', '8');
INSERT INTO `userinfo` VALUES ('135', '周宇翔', 'Haier,123', '13799304104', 'uni.zhouyx@haier.com', '5', '9', '在职', '1', '阳光雨露', '福州工贸', '2010-06-17', '', null, 'NULL', '', '', '3', '1899-12-30 09:00:00', '1899-12-30 18:00:00', '1899-12-30 09:30:00', '1899-12-30 17:30:00', '0', '40', '0');
INSERT INTO `userinfo` VALUES ('136', '林名辉', 'Haier,123', '18559658896', 'uni.linmh@haier.com', '5', '9', '离职', '1', '阳光雨露', '厦门工贸', '2014-05-29', '接替王旭日', '2015-01-21', 'NULL', '', '', '3', '1899-12-30 09:00:00', '1899-12-30 18:00:00', '1899-12-30 09:00:00', '1899-12-30 18:00:00', '0', '0', '3');
INSERT INTO `userinfo` VALUES ('137', '李柏林', 'Haier,123', '13936319752', 'uni.libl@haier.com', '5', '9', '离职', '1', '阳光雨露', '哈尔滨工贸', '2012-07-01', '接替李松', '2016-03-24', 'NULL', '', '', '3', '1899-12-30 09:00:00', '1899-12-30 18:00:00', '1899-12-30 09:00:00', '1899-12-30 18:00:00', '0', '40', '0');
INSERT INTO `userinfo` VALUES ('138', '王志荣', 'Haier,123', '18984010337', 'wangzhir888@126.com', '5', '9', '在职', '4', '阳光雨露', '贵阳工贸', '2009-09-01', '', null, 'NULL', '', '', '3', '1899-12-30 09:00:00', '1899-12-30 18:00:00', '1899-12-30 09:00:00', '1899-12-30 18:00:00', '0', '0', '0');
INSERT INTO `userinfo` VALUES ('139', '李朋松', 'Haier,123', '18297952429', 'uni.lips@haier.com', '5', '9', '离职', '1', '蓝色快车', '合肥工贸', '2012-08-01', '接替陈果', '2014-12-26', 'NULL', '', '', '3', '1899-12-30 09:00:00', '1899-12-30 17:50:00', '1899-12-30 09:00:00', '1899-12-30 18:00:00', '0', '0', '0');
INSERT INTO `userinfo` VALUES ('140', '王旭', 'Haier,123', '18135177904', 'uni.wangx@haier.com', '5', '9', '在职', '1', '阳光雨露', '太原工贸', '2012-08-01', '接替张虎将', null, 'NULL', '', '', '1', '1899-12-30 09:00:00', '1899-12-30 18:00:00', '1899-12-30 09:30:00', '1899-12-30 17:30:00', '0', '56', '0');
INSERT INTO `userinfo` VALUES ('141', '詹兴龙', 'Haier,123', '15008009952', '605556824@qq.com', '5', '9', '离职', '4', '阳光雨露', '海口工贸', '2011-12-01', '', null, 'NULL', '', '', '3', '1899-12-30 09:00:00', '1899-12-30 18:00:00', '1899-12-30 09:00:00', '1899-12-30 18:00:00', '0', '0', '0');
INSERT INTO `userinfo` VALUES ('142', '毛繁', 'Haier,123', '13120076130', 'uni.maof@haier.com', '5', '9', '离职', '1', '神码通用', '北京工贸', '2014-05-12', '接替肖洋', '2015-05-21', 'NULL', '', '', '3', '1899-12-30 09:00:00', '1899-12-30 17:30:00', '1899-12-30 09:00:00', '1899-12-30 18:00:00', '0', '40', '0');
INSERT INTO `userinfo` VALUES ('143', '蒋军陶', 'Haier,123', '13261858226', 'uni.jiangjt@haier.com', '5', '9', '离职', '1', '神码通用', '北京工贸', '2014-03-17', '新增人员', '2016-12-31', 'NULL', '', '', '1', '1899-12-30 09:00:00', '1899-12-30 17:30:00', '1899-12-30 09:00:00', '1899-12-30 18:00:00', '0', '40', '0');
INSERT INTO `userinfo` VALUES ('144', '汤福吉', 'Haier,123', '13177777137', 'uni.tangfj@haier.com', '5', '9', '离职', '1', '神码通用', '南昌工贸', '2009-09-01', '', '2015-02-01', 'NULL', '', '', '3', '1899-12-30 09:00:00', '1899-12-30 18:00:00', '1899-12-30 09:00:00', '1899-12-30 18:00:00', '0', '80', '0');
INSERT INTO `userinfo` VALUES ('145', '倪涛', 'Haier,123', '13759536104', '154179455@qq.com', '5', '9', '在职', '1', '阳光雨露', '昆明工贸', '2009-09-01', '', null, 'NULL', '', '', '3', '1899-12-30 09:00:00', '1899-12-30 18:00:00', '1899-12-30 09:30:00', '1899-12-30 17:30:00', '0', '56', '0');
INSERT INTO `userinfo` VALUES ('146', '王宁宁', 'Haier,123', '18622334708', 'uni.wangningning@haier.com', '5', '9', '离职', '1', '阳光雨露', '天津工贸', '2014-05-08', '接替杜雪峰', '2016-07-04', 'NULL', '', '', '1', '1899-12-30 09:00:00', '1899-12-30 18:00:00', '1899-12-30 09:30:00', '1899-12-30 17:30:00', '0', '40', '5');
INSERT INTO `userinfo` VALUES ('147', '刘胜彬', 'Haier,123', '13004046789', 'uni.liushb@haier.com', '5', '9', '在职', '1', '神码通用', '长春工贸', '2013-02-19', '接替张明亮', null, 'NULL', '', '', '3', '1899-12-30 09:00:00', '1899-12-30 17:30:00', '1899-12-30 09:00:00', '1899-12-30 18:00:00', '0', '40', '0');
INSERT INTO `userinfo` VALUES ('148', '徐宏明', 'Haier,123', '15921951569', 'uni.xuhm@haier.com', '5', '9', '离职', '1', '蓝色快车', '上海工贸', '2013-09-30', '接替陈俊杰', '2014-11-05', 'NULL', '', '', '3', '1899-12-30 08:30:00', '1899-12-30 17:30:00', '1899-12-30 10:00:00', '1899-12-30 15:00:00', '0', '0', '0');
INSERT INTO `userinfo` VALUES ('149', '黄效', 'Haier,123', '18610297747', 'hq-huangxiao@chinaunicom.cn', '2', '10', '离职', '1', '神码通用', '北京', '2006-10-08', '', '2015-08-28', 'NULL', '', '', '1', '1899-12-30 09:00:00', '1899-12-30 18:00:00', '1899-12-30 09:00:00', '1899-12-30 18:00:00', '0', '0', '0');
INSERT INTO `userinfo` VALUES ('150', '王思思', 'Haier,123', '13661222344', 'hq-wangsisi@chinaunicom.cn', '3', '10', '在职', '1', '神码通用', '北京', '2009-08-19', '', null, 'NULL', '', '', '2', '1899-12-30 09:00:00', '1899-12-30 18:00:00', '1899-12-30 09:00:00', '1899-12-30 18:00:00', '0', '0', '0');
INSERT INTO `userinfo` VALUES ('151', '邹蕾', 'Haier,123', '15810710443', 'hq-zoulei@chinaunicom.cn', '3', '10', '在职', '1', '斯普信', '北京', '2012-06-04', '', null, 'NULL', '', '', '2', '1899-12-30 09:00:00', '1899-12-30 18:00:00', '1899-12-30 09:00:00', '1899-12-30 18:00:00', '0', '0', '0');
INSERT INTO `userinfo` VALUES ('152', '张洋', 'Haier,123', '15530612777', 'hq-zhangyang@chinaunicom.cn ', '3', '10', '在职', '1', '神码通用', '北京', '2009-12-01', '', null, 'NULL', '', '', '2', '1899-12-30 09:00:00', '1899-12-30 18:00:00', '1899-12-30 09:00:00', '1899-12-30 18:00:00', '0', '0', '0');
INSERT INTO `userinfo` VALUES ('153', '于立新', 'Haier,123', '18611403289', 'hq-yulixin@chinaunicom.cn', '5', '10', '在职', '1', '科迈', '北京', '2012-03-19', '', null, 'NULL', '', '', '2', '1899-12-30 09:00:00', '1899-12-30 18:00:00', '1899-12-30 09:00:00', '1899-12-30 18:00:00', '0', '0', '0');
INSERT INTO `userinfo` VALUES ('154', '张瑞雪', 'Haier,123', '13120254473', 'jc-zhangrx@chinaunicom.cn', '5', '10', '在职', '1', '科迈', '北京', '2014-03-10', '', null, 'NULL', '', '', '2', '1899-12-30 09:00:00', '1899-12-30 18:00:00', '1899-12-30 09:00:00', '1899-12-30 18:00:00', '0', '0', '0');
INSERT INTO `userinfo` VALUES ('155', '杨建军', 'Haier,123', '18600501102', 'jc-yangjj@chinaunicon.cn', '5', '10', '离职', '1', '神码通用', '北京', '2013-02-01', '', '2015-02-16', 'NULL', '', '', '2', '1899-12-30 09:00:00', '1899-12-30 18:00:00', '1899-12-30 09:00:00', '1899-12-30 18:00:00', '0', '0', '0');
INSERT INTO `userinfo` VALUES ('156', '王旭腾', 'Haier,123', '13466672775', 'jc-wangxt@chinaunicom.cn', '5', '10', '离职', '1', '神码通用', '北京', '2013-03-19', '', '2015-08-16', 'NULL', '', '', '1', '1899-12-30 09:00:00', '1899-12-30 18:00:00', '1899-12-30 09:00:00', '1899-12-30 18:00:00', '0', '0', '0');
INSERT INTO `userinfo` VALUES ('157', '安宾', 'Haier,123', '15701221282', 'jc-anb@chinaunicom.cn', '5', '10', '离职', '1', '神码通用', '北京', '2013-07-11', '', null, 'NULL', '', '', '2', '1899-12-30 09:00:00', '1899-12-30 18:00:00', '1899-12-30 09:00:00', '1899-12-30 18:00:00', '0', '0', '0');
INSERT INTO `userinfo` VALUES ('158', '孙昊', 'Haier,123', '13552389198', 'jc-sunh@chinaunicom.cn', '5', '10', '在职', '1', '斯普信', '北京', '2014-05-26', '接替张文静', null, 'NULL', '', '', '1', '1899-12-30 08:50:00', '1899-12-30 18:00:00', '1899-12-30 10:00:00', '1899-12-30 16:00:00', '0', '0', '0');
INSERT INTO `userinfo` VALUES ('159', '苏岩', 'Haier,123', '13426207643', '', '5', '10', '在职', '1', '神码通用', '北京', '2014-06-23', '接替黄永双', null, 'NULL', '', '', '2', '1899-12-30 09:00:00', '1899-12-30 18:00:00', '1899-12-30 09:00:00', '1899-12-30 18:00:00', '0', '0', '0');
INSERT INTO `userinfo` VALUES ('160', '张树超', 'Haier,123', '13522655347', 'jc-zhangsc@chinaunicom.cn', '5', '10', '在职', '1', '斯普信', '北京', '2013-12-10', '', null, 'NULL', '', '', '1', '1899-12-30 08:50:00', '1899-12-30 18:00:00', '1899-12-30 10:00:00', '1899-12-30 16:00:00', '0', '0', '0');
INSERT INTO `userinfo` VALUES ('161', '梁肖', 'Haier,123', '17731618126', 'jc-liangx@chinaunicom.cn', '5', '10', '在职', '1', '神码通用', '北京', '2014-12-17', '', null, 'NULL', '', '', '1', '1899-12-30 08:50:00', '1899-12-30 18:00:00', '1899-12-30 10:00:00', '1899-12-30 16:00:00', '0', '0', '0');
INSERT INTO `userinfo` VALUES ('162', '李晓磊', 'Haier,123', '18678986613', 'uni.lixl@haier.com', '5', '7', '离职', '1', '拓天', '青岛海尔工业园', '2014-04-14', '接替吴志强', '2015-02-09', 'NULL', '', '', '1', '1899-12-30 08:50:00', '1899-12-30 18:00:00', '1899-12-30 10:00:00', '1899-12-30 16:00:00', '0', '0', '0');
INSERT INTO `userinfo` VALUES ('163', '徐培航', 'Haier,123', '13021680789', 'uni.xuph@haier.com', '5', '5', '离职', '1', '阳光雨露', '青岛海尔工业园', '2014-07-01', '接替迟庆虎', null, 'NULL', '', '', '1', '1899-12-30 08:50:00', '1899-12-30 18:00:00', '1899-12-30 10:00:00', '1899-12-30 16:00:00', '0', '40', '0');
INSERT INTO `userinfo` VALUES ('164', '朱红波', 'Haier,123', '13280849971', 'uni.zhuhb@haier.com', '5', '5', '在职', '1', '阳光雨露', '青岛海尔工业园', '2014-06-03', '接替荆成祥', null, 'NULL', '', '', '1', '1899-12-30 08:50:00', '1899-12-30 18:00:00', '1899-12-30 10:00:00', '1899-12-30 16:00:00', '0', '52', '0');
INSERT INTO `userinfo` VALUES ('165', '赵光忠', 'Haier,123', '13021688993', 'uni.zhaogzh@haier.com', '5', '5', '离职', '1', '阳光雨露', '青岛海尔工业园', '2014-07-01', '接替张广财', '2015-04-16', 'NULL', '', '', '1', '1899-12-30 08:50:00', '1899-12-30 18:00:00', '1899-12-30 10:00:00', '1899-12-30 16:00:00', '0', '0', '0');
INSERT INTO `userinfo` VALUES ('166', '杨亚璞', 'Haier,123', '15689102505', 'uni.yangyp@haier.com', '5', '5', '离职', '1', '蓝色快车', '黄岛工业园', '2014-07-24', '接替布和', '2014-11-21', 'NULL', '', '', '1', '1899-12-30 08:50:00', '1899-12-30 18:00:00', '1899-12-30 10:00:00', '1899-12-30 16:00:00', '0', '0', '0');
INSERT INTO `userinfo` VALUES ('167', '冯军', 'Haier,123', '13096761747', 'uni.fengj@haier.com', '5', '9', '在职', '1', '阳光雨露', '遵义工业园', '2014-07-15', '接替班昌俊', null, 'NULL', '', '', '1', '1899-12-30 09:00:00', '1899-12-30 18:00:00', '1899-12-30 09:00:00', '1899-12-30 18:00:00', '0', '0', '0');
INSERT INTO `userinfo` VALUES ('168', '肖亮平', 'Haier,123', '18349125012', 'uni.dengjia@haier.com', '5', '9', '离职', '1', '蓝色快车', '成都工贸', '2014-08-08', '接替石磊', null, 'NULL', '', '', '3', '1899-12-30 09:00:00', '1899-12-30 18:00:00', '1899-12-30 09:00:00', '1899-12-30 18:00:00', '0', '0', '0');
INSERT INTO `userinfo` VALUES ('169', '王文峰', 'Haier,123', '18563958065', 'uni.wangwf@haeir.com', '5', '4', '离职', '1', '龙泰天祥', '青岛工业园', '2014-08-20', '接替李东刚', null, 'NULL', '', '', '1', '1899-12-30 08:50:00', '1899-12-30 18:00:00', '1899-12-30 10:00:00', '1899-12-30 16:00:00', '0', '0', '1.3');
INSERT INTO `userinfo` VALUES ('170', '吴琛', 'Haier,123', '18753221953', '', '5', '4', '离职', '1', '龙泰天祥', '青岛工业园', '2014-08-20', '', '2014-11-06', 'NULL', '', '', '1', '1899-12-30 08:50:00', '1899-12-30 18:00:00', '1899-12-30 10:00:00', '1899-12-30 16:00:00', '0', '0', '0');
INSERT INTO `userinfo` VALUES ('171', '刘曌玥', 'Haier,123', '15020091221', 'jc-liuzy3@chinaunicom.cn', '5', '8', '离职', '1', '阳光雨露', '青岛海尔工业园', '2014-09-30', '接替王娜娜', null, 'NULL', '', '', '1', '1899-12-30 08:50:00', '1899-12-30 18:00:00', '1899-12-30 10:00:00', '1899-12-30 16:00:00', '0', '4', '0');
INSERT INTO `userinfo` VALUES ('172', '魏全政', 'Haier,123', '13210852817', 'uni.weiqzh@haier.com', '5', '5', '离职', '1', '阳光雨露', '青岛海尔工业园', '2013-09-28', '接替战慧', '2015-08-25', 'NULL', '', '', '1', '1899-12-30 08:50:00', '1899-12-30 18:00:00', '1899-12-30 10:00:00', '1899-12-30 16:00:00', '0', '0', '1');
INSERT INTO `userinfo` VALUES ('173', '黄智杰', 'Haier,123', '13621437533', 'uni.huangzhj@haier.com', '5', '9', '离职', '1', '阳光雨露', '顺德工业园', '2014-09-18', '接替欧广宁', '2016-02-06', 'NULL', '', '', '1', '1899-12-30 09:00:00', '1899-12-30 17:30:00', '1899-12-30 10:00:00', '1899-12-30 15:00:00', '0', '0', '0');
INSERT INTO `userinfo` VALUES ('174', '李鹏飞', 'Haier,123', '18215509695', '', '5', '9', '离职', '1', '蓝色快车', '成都工贸', '2014-08-18', '接替肖亮平', null, 'NULL', '', '', '3', '1899-12-30 09:00:00', '1899-12-30 18:00:00', '1899-12-30 09:00:00', '1899-12-30 18:00:00', '0', '0', '0');
INSERT INTO `userinfo` VALUES ('175', '滕绍钰', 'Haier,123', '15588681656', 'uni.tengshy@haier.com', '5', '5', '离职', '1', '阳光雨露', '青岛海尔工业园', '2014-09-15', '接替杨军', '2015-04-16', 'NULL', '', '', '1', '1899-12-30 08:50:00', '1899-12-30 18:00:00', '1899-12-30 10:00:00', '1899-12-30 16:00:00', '0', '0', '0');
INSERT INTO `userinfo` VALUES ('176', '戴晓晖', 'Haier,123', '15253248015', 'uni.daixh@haier.com', '5', '5', '离职', '1', '蓝色快车', '青岛海尔工业园', '2014-09-22', '接替王增欢', '2015-07-31', 'NULL', '', '', '1', '1899-12-30 08:50:00', '1899-12-30 18:00:00', '1899-12-30 10:00:00', '1899-12-30 16:00:00', '0', '0', '0');
INSERT INTO `userinfo` VALUES ('177', '孙杰', 'Haier,123', '13668862519', 'uni.sunj@haier.com', '5', '5', '离职', '1', '阳光雨露', '青岛海尔工业园', '2014-09-29', '接替季涛', '2015-08-12', 'NULL', '', '', '1', '1899-12-30 08:50:00', '1899-12-30 18:00:00', '1899-12-30 10:00:00', '1899-12-30 16:00:00', '0', '0', '0');
INSERT INTO `userinfo` VALUES ('178', '陈浩', 'Haier,123', '18561600965', 'uni.chenh@haier.com', '5', '5', '离职', '1', '阳光雨露', '黄岛工业园', '2014-10-11', '', null, 'NULL', '', '', '1', '1899-12-30 08:50:00', '1899-12-30 18:00:00', '1899-12-30 10:00:00', '1899-12-30 16:00:00', '0', '0', '0');
INSERT INTO `userinfo` VALUES ('179', '周煜', 'Haier,123', '18661928618', '', '5', '5', '离职', '1', '阳光雨露', '青岛海尔工业园', '2014-10-15', '', null, 'NULL', '', '', '1', '1899-12-30 08:50:00', '1899-12-30 18:00:00', '1899-12-30 10:00:00', '1899-12-30 16:00:00', '0', '0', '0');
INSERT INTO `userinfo` VALUES ('180', '杨升敏', 'Haier,123', '13678856819', 'uni.yangsm@haier.com', '5', '7', '离职', '1', '阳光雨露', '青岛海尔工业园', '2014-10-20', '接替贺楠', '2015-12-02', 'NULL', '', '', '1', '1899-12-30 08:50:00', '1899-12-30 18:00:00', '1899-12-30 10:00:00', '1899-12-30 16:00:00', '0', '0', '12');
INSERT INTO `userinfo` VALUES ('181', '揭志鹏', 'Haier,123', '18857191031', 'uni.jiezhp@haier.com', '5', '9', '在职', '1', '阳光雨露', '杭州工贸', '2014-10-08', '接替陆新宇', null, 'NULL', '', '', '3', '1899-12-30 09:00:00', '1899-12-30 18:00:00', '1899-12-30 10:00:00', '1899-12-30 16:00:00', '0', '40', '0');
INSERT INTO `userinfo` VALUES ('182', '代生灿', 'Haier,123', '15922881304', 'uni.daishc@haier.com ', '5', '9', '离职', '1', '阳光雨露', '成都工贸', '2015-12-05', '接替代朝', '2017-01-26', 'NULL', '', '', '3', '1899-12-30 09:00:00', '1899-12-30 18:00:00', null, null, '0', '0', '0');
INSERT INTO `userinfo` VALUES ('183', '王亚洲', 'Haier,123', '13006515136', 'uni.wangyzh@haier.com', '5', '5', '离职', '1', '阳光雨露', '青岛海尔工业园', '2014-11-07', '接替王斌', null, 'NULL', '', '', '1', '1899-12-30 08:50:00', '1899-12-30 18:00:00', '1899-12-30 10:00:00', '1899-12-30 16:00:00', '0', '0', '1');
INSERT INTO `userinfo` VALUES ('184', '邢帅', 'Haier,123', '18560614970', 'uni.xingsh@haier.com ', '5', '5', '离职', '1', '阳光雨露', '青岛信息园', '2014-10-31', '接替赵西宝', '2015-05-06', 'NULL', '', '', '1', '1899-12-30 08:50:00', '1899-12-30 18:00:00', '1899-12-30 10:00:00', '1899-12-30 16:00:00', '0', '0', '0');
INSERT INTO `userinfo` VALUES ('185', '韩邦勇', 'Haier,123', '18561875492', 'uni.hanby@haier.com', '5', '5', '离职', '1', '蓝色快车', '黄岛工业园', '2014-11-20', '接替杨亚璞', '2015-05-04', 'NULL', '', '', '1', '1899-12-30 08:50:00', '1899-12-30 18:00:00', '1899-12-30 10:00:00', '1899-12-30 16:00:00', '0', '0', '2.5');
INSERT INTO `userinfo` VALUES ('186', '王仁修', 'Haier,123', '18953221080', 'uni.wangrx@haier.com', '5', '4', '离职', '1', '龙泰天祥', '青岛S楼', '2013-10-14', '', '2015-04-04', 'NULL', '', '', '1', '1899-12-30 08:50:00', '1899-12-30 18:00:00', '1899-12-30 10:00:00', '1899-12-30 16:00:00', '0', '0', '8');
INSERT INTO `userinfo` VALUES ('187', '张迪', 'Haier,123', '18398367068', 'uni.zhangdi@haier.com', '5', '7', '离职', '1', '阳光雨露', '青岛海尔工业园', '2014-12-07', '接替张起合 ', '2015-07-13', 'NULL', '', '', '1', '1899-12-30 08:50:00', '1899-12-30 18:00:00', '1899-12-30 10:00:00', '1899-12-30 16:00:00', '0', '0', '8');
INSERT INTO `userinfo` VALUES ('188', '张彬', 'Haier,123', '18562712021', 'uni.zhangbin@haier.com', '5', '7', '离职', '1', '阳光雨露', '青岛海尔工业园', '2014-12-07', '接替王彦超', '2015-08-17', 'NULL', '', '', '1', '1899-12-30 08:50:00', '1899-12-30 18:00:00', '1899-12-30 10:00:00', '1899-12-30 16:00:00', '0', '0', '8');
INSERT INTO `userinfo` VALUES ('189', '周嘉濠', 'Haier,123', '13160952368', '', '5', '9', '离职', '1', '阳光雨露', '佛山工业园', '2014-11-03', '接替李可湘', '2015-05-11', 'NULL', '', '', '3', '1899-12-30 09:00:00', '1899-12-30 17:30:00', '1899-12-30 10:00:00', '1899-12-30 15:30:00', '0', '0', '0');
INSERT INTO `userinfo` VALUES ('190', '崖正浩', 'Haier,123', '15678908556', 'uni.yazhh@haier.com', '5', '9', '离职', '3', '神码通用', '南宁工贸', '2014-12-22', '接替杨康', '2015-08-15', 'NULL', '', '', '3', '1899-12-30 09:00:00', '1899-12-30 18:00:00', '1899-12-30 10:00:00', '1899-12-30 16:00:00', '0', '40', '0');
INSERT INTO `userinfo` VALUES ('191', '高雄雄', 'Haier,123', '15848179968', 'uni.gaoxx@haier.com', '5', '9', '在职', '1', '神码通用', '呼和浩特工贸', '2015-01-12', '接替刘瑞峰', null, 'NULL', '', '', '3', '1899-12-30 09:00:00', '1899-12-30 17:30:00', '1899-12-30 09:00:00', '1899-12-30 18:00:00', '0', '40', '0');
INSERT INTO `userinfo` VALUES ('192', '杨昆宇1', 'Haier,123', '18919647935', 'uni.yangky@haier.com', '5', '9', '离职', '1', '蓝色快车', '合肥工贸', '2014-12-26', '接替李朋松', '2016-02-23', 'NULL', '', '', '1', '1899-12-30 09:00:00', '1899-12-30 17:50:00', '1899-12-30 09:00:00', '1899-12-30 18:00:00', '0', '0', '0');
INSERT INTO `userinfo` VALUES ('193', '刘阳', 'Haier,123', '15300912056', 'uni.liuy@haier.com', '5', '9', '离职', '1', '蓝色快车', '上海工贸', '2014-11-05', '接替徐宏明', '2016-03-22', 'NULL', '', '', '1', '1899-12-30 09:00:00', '1899-12-30 18:00:00', '1899-12-30 10:00:00', '1899-12-30 15:00:00', '0', '40', '0');
INSERT INTO `userinfo` VALUES ('194', '张静静', 'Haier,123', '13522406553', '', '5', '10', '在职', '1', '神码通用', '北京', '2014-11-03', '接替安宾', null, 'NULL', '', '', '2', '1899-12-30 09:00:00', '1899-12-30 18:00:00', '1899-12-30 09:00:00', '1899-12-30 18:00:00', '0', '0', '0');
INSERT INTO `userinfo` VALUES ('195', '朱珺峰', 'Haier,123', '18310774360', '', '5', '10', '在职', '1', '神码通用', '北京', '2014-11-03', '接替杨佳慧', null, 'NULL', '', '', '2', '1899-12-30 09:00:00', '1899-12-30 18:00:00', '1899-12-30 09:00:00', '1899-12-30 18:00:00', '0', '0', '0');
INSERT INTO `userinfo` VALUES ('196', '妥鹏', 'Haier,123', '13519773504', '', '5', '9', '离职', '4', '阳光雨露', '银川工贸', '2015-01-11', '接替郭亮', null, 'NULL', '', '', '3', '1899-12-30 09:00:00', '1899-12-30 18:00:00', '1899-12-30 09:00:00', '1899-12-30 18:00:00', '0', '0', '0');
INSERT INTO `userinfo` VALUES ('197', '穆工', 'Haier,123', '15641157682', '', '5', '9', '在职', '1', '当地分公司', '大连工业园', '2015-01-01', '接替王圣君', null, 'NULL', '', '', '3', '1899-12-30 09:00:00', '1899-12-30 18:00:00', '1899-12-30 09:00:00', '1899-12-30 18:00:00', '0', '0', '0');
INSERT INTO `userinfo` VALUES ('198', '刘智勇', 'Haier,123', '18585239010', 'uni.liuzhiyong@haier.com', '5', '9', '离职', '1', '阳光雨露', '遵义工业园', '2015-01-22', '接替徐孝彬', '2016-04-11', 'NULL', '', '', '1', '1899-12-30 09:00:00', '1899-12-30 18:00:00', '1899-12-30 09:00:00', '1899-12-30 16:00:00', '0', '0', '0');
INSERT INTO `userinfo` VALUES ('199', '李建煌', 'Haier,123', '13859996983', 'uni.lijh@haier.com', '5', '9', '离职', '1', '阳光雨露', '厦门工贸', '2015-01-21', '接替林名辉', '2016-06-01', 'NULL', '', '', '1', '1899-12-30 09:00:00', '1899-12-30 18:00:00', '1899-12-30 09:00:00', '1899-12-30 18:00:00', '0', '0', '2');
INSERT INTO `userinfo` VALUES ('200', '孟玲', 'Haier,123', '18561506345', 'uni.mengling@haier.com', '5', '4', '离职', '1', '龙泰天祥', '青岛海尔工业园', '2015-02-02', '接替宋奕', '2015-06-26', 'NULL', '', '', '1', '1899-12-30 08:50:00', '1899-12-30 18:00:00', '1899-12-30 10:00:00', '1899-12-30 16:00:00', '0', '0', '16.5');
INSERT INTO `userinfo` VALUES ('201', '李双', 'Haier,123', '18561979588', 'uni.lishuang@haier.com', '5', '12', '离职', '1', '拓天', '青岛工业园', '2015-02-09', '接替李晓磊', null, 'NULL', '', '', '1', '1899-12-30 08:50:00', '1899-12-30 18:00:00', '1899-12-30 10:00:00', '1899-12-30 16:00:00', '0', '0', '0');
INSERT INTO `userinfo` VALUES ('202', '王杨智', 'Haier,123', '18170011201', 'uni.wangyangzhi@haier.com', '5', '9', '在职', '1', '神码通用', '南昌工贸', '2015-02-01', '接替汤福吉', null, 'NULL', '', '', '3', '1899-12-30 09:00:00', '1899-12-30 18:00:00', '1899-12-30 09:00:00', '1899-12-30 18:00:00', '0', '0', '0');
INSERT INTO `userinfo` VALUES ('203', '王阔', 'Haier,123', '18801087482', '', '5', '10', '在职', '1', '斯普信', '北京', '2015-02-26', '接替杨建军', null, 'NULL', '', '', '1', '1899-12-30 09:00:00', '1899-12-30 18:00:00', '1899-12-30 09:00:00', '1899-12-30 18:00:00', '0', '0', '0');
INSERT INTO `userinfo` VALUES ('204', '孙述晓', 'Haier,123', '13156266550', 'uni.sunshx@haier.com', '5', '4', '离职', '1', '龙泰天祥', '青岛工业园', '2014-10-22', '接替王洪坤', null, 'NULL', '', '', '1', '1899-12-30 08:50:00', '1899-12-30 18:00:00', '1899-12-30 10:00:00', '1899-12-30 16:00:00', '0', '0', '0');
INSERT INTO `userinfo` VALUES ('205', '王宇', 'Haier,123', '18661766372', 'uni.wangyu@haier.com', '5', '5', '离职', '1', '龙泰天祥', '青岛工业园', '2015-01-27', '接替杨晨', '2016-04-09', 'NULL', '', '', '1', '1899-12-30 08:50:00', '1899-12-30 18:00:00', '1899-12-30 10:00:00', '1899-12-30 16:00:00', '0', '0', '-16');
INSERT INTO `userinfo` VALUES ('206', '朱程龙', 'Haier,123', '15927206033', 'uni.zhuchl@haier.com', '5', '9', '离职', '1', '神码通用', '武汉工业园', '2015-03-06', '接替汪福', null, 'NULL', '', '', '3', '1899-12-30 09:00:00', '1899-12-30 17:30:00', '1899-12-30 09:30:00', '1899-12-30 16:00:00', '0', '0', '0');
INSERT INTO `userinfo` VALUES ('207', '王伟峰', 'Haier,123', '18661082897', 'uni.wangweif@haier.com', '5', '9', '在职', '1', '阳光雨露', '无锡工贸', '2015-02-25', '接替严圣谊', null, 'NULL', '', '', '1', '1899-12-30 09:00:00', '1899-12-30 17:30:00', '1899-12-30 09:00:00', '1899-12-30 17:30:00', '0', '0', '0');
INSERT INTO `userinfo` VALUES ('208', '王云翔', 'Haier,123', '15610082783', 'uni.wangyx@haier.com', '5', '4', '离职', '1', '蓝色快车', '青岛工业园', '2015-03-16', '接替石龙', '2016-03-19', 'NULL', '', '', '1', '1899-12-30 08:50:00', '1899-12-30 18:00:00', '1899-12-30 10:00:00', '1899-12-30 16:00:00', '0', '0', '0');
INSERT INTO `userinfo` VALUES ('209', '耿晓琳', 'Haier,123', '13176484023', 'uni.gengxl@haier.com', '5', '5', '在职', '1', '阳光雨露', '海尔工业园', '2015-03-23', '接替张志愿', null, 'NULL', '', '', '1', '1899-12-30 08:50:00', '1899-12-30 18:00:00', '1899-12-30 10:00:00', '1899-12-30 16:00:00', '0', '0', '0');
INSERT INTO `userinfo` VALUES ('210', '赵方亮', 'Haier,123', '18563964969', 'uni.zhaofl@haier.com', '5', '5', '离职', '1', '阳光雨露', '海尔工业园', '2015-03-23', '接替滕绍钰', '2016-04-30', 'NULL', '', '', '1', '1899-12-30 08:50:00', '1899-12-30 18:00:00', '1899-12-30 10:00:00', '1899-12-30 16:00:00', '0', '0', '0');
INSERT INTO `userinfo` VALUES ('211', '曲开浩', 'Haier,123', '13210042908', 'uni.qukh@haier.com', '5', '5', '在职', '1', '阳光雨露', '海尔工业园', '2015-03-23', '接替赵光忠', null, 'NULL', '', '', '1', '1899-12-30 08:50:00', '1899-12-30 18:00:00', '1899-12-30 10:00:00', '1899-12-30 16:00:00', '0', '0', '0');
INSERT INTO `userinfo` VALUES ('212', '张佳哲', 'Haier,123', '13165002505', '', '5', '5', '离职', '1', '阳光雨露', '海尔工业园', '2015-03-23', '接替吕杰', '2015-06-20', 'NULL', '', '', '1', '1899-12-30 08:50:00', '1899-12-30 18:00:00', '1899-12-30 10:00:00', '1899-12-30 16:00:00', '0', '0', '0');
INSERT INTO `userinfo` VALUES ('213', '刘向奎', 'Haier,123', '13512985709', 'uni.liuxk@haier.com', '5', '6', '离职', '1', '拓天', '海尔工业园', '2015-03-13', '接替王鑫鹏', '2015-07-31', 'NULL', '', '', '1', '1899-12-30 08:50:00', '1899-12-30 18:00:00', '1899-12-30 09:00:00', '1899-12-30 16:00:00', '0', '0', '0');
INSERT INTO `userinfo` VALUES ('214', '贾宝全', 'Haier,123', '13280806413', 'uni.jiabq@haier.com', '5', '5', '离职', '1', '蓝色快车', '黄岛工业园', '2015-04-17', '接替韩邦勇', null, 'NULL', '', '', '1', '1899-12-30 08:50:00', '1899-12-30 18:00:00', '1899-12-30 10:00:00', '1899-12-30 16:00:00', '0', '0', '0');
INSERT INTO `userinfo` VALUES ('215', '廖焕慧', 'Haier,123', '18354298027', 'uni.liaohh@haier.com', '5', '5', '离职', '1', '阳光雨露', '青岛工业园', '2015-04-21', '接替邢帅', '2015-08-01', 'NULL', '', '', '1', '1899-12-30 08:50:00', '1899-12-30 18:00:00', '1899-12-30 10:00:00', '1899-12-30 16:00:00', '0', '0', '0');
INSERT INTO `userinfo` VALUES ('216', '孙志佳', 'Haier,123', '15318882317', '', '6', '4', '离职', '1', '龙泰天祥', '青岛工业园', '2015-04-22', '', null, 'NULL', '', '', '1', '1899-12-30 08:50:00', '1899-12-30 18:00:00', '1899-12-30 10:00:00', '1899-12-30 16:00:00', '0', '0', '0');
INSERT INTO `userinfo` VALUES ('217', '董超', 'Haier,123', '18506398163', 'uni.dongchao@haier.com', '5', '5', '离职', '1', '龙泰天祥', '青岛工业园', '2015-05-07', '接替王仁修', null, 'NULL', '', '', '1', '1899-12-30 08:50:00', '1899-12-30 18:00:00', '1899-12-30 10:00:00', '1899-12-30 16:00:00', '0', '0', '9.5');
INSERT INTO `userinfo` VALUES ('218', '张志佳', 'Haier,123', '15318882317', 'uni.zhangzhj@haier.com', '6', '4', '离职', '1', '龙泰天祥', '青岛工业园', '2015-04-22', '', '2015-09-09', 'NULL', '', '', '1', '1899-12-30 08:50:00', '1899-12-30 18:00:00', '1899-12-30 10:00:00', '1899-12-30 16:00:00', '0', '0', '5');
INSERT INTO `userinfo` VALUES ('219', '叶丕凯', 'Haier,123', '15698110525', 'uni.yepk@haier.com', '5', '5', '离职', '1', '阳光雨露', '青岛工业园', '2015-05-07', '接替徐有涛', null, 'NULL', '', '', '1', '1899-12-30 08:50:00', '1899-12-30 18:00:00', '1899-12-30 10:00:00', '1899-12-30 16:00:00', '0', '0', '0');
INSERT INTO `userinfo` VALUES ('220', '侯春忙', 'Haier,123', '13316903028', '', '5', '9', '离职', '1', '阳光雨露', '佛山工业园', '2015-05-10', '接替周嘉濠', '2015-07-01', 'NULL', '', '', '3', '1899-12-30 09:00:00', '1899-12-30 17:30:00', '1899-12-30 10:00:00', '1899-12-30 15:30:00', '0', '0', '0');
INSERT INTO `userinfo` VALUES ('221', '代志伟', 'Haier,123', '13210174813', 'uni.daizhw@haier.com', '5', '5', '在职', '1', '阳光雨露', '海尔工业园', '2015-05-11', '接替叶丕凯', null, 'NULL', '', '', '1', '1899-12-30 08:50:00', '1899-12-30 18:00:00', '1899-12-30 10:00:00', '1899-12-30 16:00:00', '0', '0', '2');
INSERT INTO `userinfo` VALUES ('222', '王峥', 'Haier,123', '13210174803', 'uni.wangzheng@haier.com', '5', '5', '离职', '1', '阳光雨露', '海尔工业园', '2015-05-11', '接替韩天星', '2015-10-01', 'NULL', '', '', '1', '1899-12-30 08:50:00', '1899-12-30 18:00:00', '1899-12-30 10:00:00', '1899-12-30 16:00:00', '0', '0', '0');
INSERT INTO `userinfo` VALUES ('223', '李冬冬', 'Haier,123', '18678989573', 'uni.lidd@haier.com', '5', '5', '在职', '1', '阳光雨露', '黄岛工业园', '2015-05-15', '接替李宗国', null, 'NULL', '', '', '1', '1899-12-30 08:50:00', '1899-12-30 18:00:00', '1899-12-30 10:00:00', '1899-12-30 16:00:00', '1', '8', '0.5');
INSERT INTO `userinfo` VALUES ('224', '刘义龙', 'Haier,123', '18655422770', 'uni.liuyl@haier.com', '5', '9', '离职', '1', '神码通用', '北京工贸', '2015-04-03', '接替毛繁', '2016-07-01', 'NULL', '', '', '1', '1899-12-30 08:50:00', '1899-12-30 17:30:00', '1899-12-30 09:00:00', '1899-12-30 18:00:00', '0', '0', '16');
INSERT INTO `userinfo` VALUES ('225', '李军帅', 'Haier,123', '13220893914', 'uni.lijunsh@haier.com', '5', '5', '在职', '1', '阳光雨露', '黄岛工业园', '2015-05-20', '接替张佳哲', null, 'NULL', '', '', '1', '1899-12-30 08:50:00', '1899-12-30 18:00:00', '1899-12-30 10:00:00', '1899-12-30 16:00:00', '1', '16', '0');
INSERT INTO `userinfo` VALUES ('226', '朱兆闪', 'Haier,123', '13583285613', 'uni.zhuzhsh@haier.com', '5', '6', '离职', '1', '拓天', '青岛工业园', '2015-05-18', '接替石宪清', '2015-06-26', 'NULL', '', '', '1', '1899-12-30 08:50:00', '1899-12-30 18:00:00', '1899-12-30 09:00:00', '1899-12-30 18:00:00', '0', '0', '0');
INSERT INTO `userinfo` VALUES ('227', '王正兴', 'Haier,123', '15615525612', 'uni.wangzhengx@haier.com', '5', '5', '在职', '1', '蓝色快车', '黄岛工业园', '2015-05-26', '接替张成', null, 'NULL', '', '', '1', '1899-12-30 08:50:00', '1899-12-30 18:00:00', '1899-12-30 10:00:00', '1899-12-30 16:00:00', '0', '0', '5');
INSERT INTO `userinfo` VALUES ('228', '周健宁', 'Haier,123', '18653286585', 'uni.zhoujiann@haier.com', '5', '5', '离职', '1', '龙泰天祥', '海尔工业园', '2015-06-09', '接替孟玲', null, 'NULL', '', '', '1', '1899-12-30 08:50:00', '1899-12-30 18:00:00', '1899-12-30 10:00:00', '1899-12-30 16:00:00', '0', '0', '26');
INSERT INTO `userinfo` VALUES ('229', '孙景佳', 'Haier,123', '18641805263', '', '6', '5', '离职', '1', '阳光雨露', '青岛海尔工业园', '2015-06-23', '', '2015-07-24', 'NULL', '', '', '1', '1899-12-30 08:50:00', '1899-12-30 18:00:00', '1899-12-30 10:00:00', '1899-12-30 16:00:00', '0', '0', '0');
INSERT INTO `userinfo` VALUES ('230', '刘佳林', 'Haier,123', '18660030871', 'uni.liujl@haier.com', '5', '5', '在职', '1', '阳光雨露', '青岛工业园', '2015-07-06', '接替张新宇', null, 'NULL', '', '', '1', '1899-12-30 08:50:00', '1899-12-30 18:00:00', '1899-12-30 10:00:00', '1899-12-30 16:00:00', '0', '0', '0');
INSERT INTO `userinfo` VALUES ('231', '李小飞', 'Haier,123', '15926425992', 'uni.lixf@haier.com', '5', '9', '在职', '1', '阳光雨露', '深圳工贸', '2015-06-30', '接替韦欧阳', null, 'NULL', '', '', '3', '1899-12-30 09:00:00', '1899-12-30 18:00:00', '1899-12-30 09:00:00', '1899-12-30 18:00:00', '0', '0', '0');
INSERT INTO `userinfo` VALUES ('232', '梁文君', 'Haier,123', '18561649872', 'uni.liangwj@haier.com', '5', '6', '在职', '1', '拓天', '青岛工业园', '2015-07-13', '接替石宪清', null, 'NULL', '', '', '1', '1899-12-30 08:50:00', '1899-12-30 18:00:00', '1899-12-30 10:00:00', '1899-12-30 16:00:00', '0', '0', '0');
INSERT INTO `userinfo` VALUES ('233', '许鲁', 'Haier,123', '15562666868', '', '5', '7', '在职', '1', '阳光雨露', '青岛工业园', '2015-07-08', '接替潘连栋', null, 'NULL', '', '', '1', '1899-12-30 08:50:00', '1899-12-30 18:00:00', '1899-12-30 08:50:00', '1899-12-30 18:00:00', '0', '0', '32');
INSERT INTO `userinfo` VALUES ('234', '刘朝阳', 'Haier,123', '18562738853', 'uni.liuzhaoyang@haier.com', '5', '5', '离职', '1', '阳光雨露', '青岛工业园', '2015-07-20', '接替孙杰', '2015-11-21', 'NULL', '', '', '1', '1899-12-30 08:50:00', '1899-12-30 18:00:00', '1899-12-30 10:00:00', '1899-12-30 16:00:00', '0', '0', '0');
INSERT INTO `userinfo` VALUES ('235', '邱广勋', 'Haier,123', '15163677534', 'uni.qiugx@haier.com', '5', '6', '在职', '1', '拓天', '青岛工业园', '2015-07-24', '接替刘向奎', null, 'NULL', '', '', '1', '1899-12-30 08:50:00', '1899-12-30 18:00:00', '1899-12-30 10:00:00', '1899-12-30 16:00:00', '0', '0', '0');
INSERT INTO `userinfo` VALUES ('236', '王元强', 'Haier,123', '15666827592', '', '5', '7', '在职', '1', '阳光雨露', '青岛工业园', '2015-08-03', '接替张彬', null, 'NULL', '', '', '1', '1899-12-30 08:50:00', '1899-12-30 18:00:00', '1899-12-30 10:00:00', '1899-12-30 16:00:00', '0', '0', '84');
INSERT INTO `userinfo` VALUES ('237', '李可湘', 'Haier,123', '13428164168', 'uni.likx@haier.com', '5', '9', '在职', '1', '阳光雨露', '佛山工业园', '2015-07-20', '接替侯春忙', null, 'NULL', '', '', '3', '1899-12-30 09:00:00', '1899-12-30 17:30:00', '1899-12-30 10:00:00', '1899-12-30 15:00:00', '0', '0', '4');
INSERT INTO `userinfo` VALUES ('238', '曲延祥', 'Haier,123', '18661708850', 'uni.quyanx@haier.com', '5', '5', '离职', '1', '阳光雨露', '青岛工业园', '2015-08-13', '接替魏全政', null, 'NULL', '', '', '1', '1899-12-30 08:50:00', '1899-12-30 18:00:00', '1899-12-30 10:00:00', '1899-12-30 16:00:00', '0', '0', '0');
INSERT INTO `userinfo` VALUES ('239', '吕亮', 'Haier,123', '18561979027', 'uni.lvliang@haier.com', '5', '5', '离职', '1', '蓝色快车', '青岛工业园', '2015-08-12', '接替戴晓辉', null, 'NULL', '', '', '1', '1899-12-30 08:50:00', '1899-12-30 18:00:00', '1899-12-30 10:00:00', '1899-12-30 16:00:00', '0', '0', '2');
INSERT INTO `userinfo` VALUES ('240', '刘福春', 'Haier,123', '18663931992', 'uni.liufch@haier.com', '5', '5', '在职', '1', '阳光雨露', '青岛工业园', '2015-08-07', '接替徐培航', null, 'NULL', '', '', '1', '1899-12-30 08:50:00', '1899-12-30 18:00:00', '1899-12-30 10:00:00', '1899-12-30 16:00:00', '0', '0', '1.5');
INSERT INTO `userinfo` VALUES ('241', '梁斯', 'Haier,123', '18578922551', 'uni.liangsi@haier.com', '5', '9', '离职', '3', '神码通用', '南宁工贸', '2015-07-06', '接替崖正浩', null, 'NULL', '', '', '1', '1899-12-30 09:00:00', '1899-12-30 18:00:00', '1899-12-30 10:00:00', '1899-12-30 16:00:00', '0', '0', '72');
INSERT INTO `userinfo` VALUES ('242', '曹磊', 'Haier,123', '15684705931', 'uni.caolei@haier.com', '5', '5', '在职', '1', '阳光雨露', '青岛工业园', '2015-08-18', '接替廖焕慧', null, 'NULL', '', '', '1', '1899-12-30 08:50:00', '1899-12-30 18:00:00', '1899-12-30 10:00:00', '1899-12-30 16:00:00', '0', '0', '1.5');
INSERT INTO `userinfo` VALUES ('243', '张杰', 'Haier,123', '18908331229', 'uni.zhangjie@haier.com', '5', '9', '在职', '1', '阳光雨露', '重庆工业园', '2015-08-13', '', null, 'NULL', '', '', '3', '1899-12-30 09:00:00', '1899-12-30 17:30:00', '1899-12-30 09:30:00', '1899-12-30 17:00:00', '0', '0', '0');
INSERT INTO `userinfo` VALUES ('244', '李旋', 'Haier,123', '17685534051', 'uni.lixuan@haier.com', '5', '4', '在职', '1', '阳光雨露', '黄岛工业园', '2015-09-09', '接替孙鹏', null, 'NULL', '', '', '1', '1899-12-30 08:50:00', '1899-12-30 18:00:00', '1899-12-30 10:00:00', '1899-12-30 16:00:00', '0', '32', '7');
INSERT INTO `userinfo` VALUES ('245', '文超', 'Haier,123', '13886114864', 'uni.wench@haier.com', '5', '9', '在职', '1', '神码通用', '武汉工业园', '2015-09-11', '接替朱程龙', null, 'NULL', '', '', '3', '1899-12-30 09:00:00', '1899-12-30 17:30:00', '1899-12-30 09:30:00', '1899-12-30 16:00:00', '0', '0', '0');
INSERT INTO `userinfo` VALUES ('246', '董建伟', 'Haier,123', '17009271224', 'uni.dongjianwei@haier.com', '5', '5', '离职', '1', '龙泰天祥', '青岛工业园', '2015-09-14', '接替王文峰', '2016-03-26', 'NULL', '', '', '1', '1899-12-30 08:50:00', '1899-12-30 18:00:00', '1899-12-30 10:00:00', '1899-12-30 16:00:00', '0', '0', '4.5');
INSERT INTO `userinfo` VALUES ('247', '张明靖', 'Haier,123', '18660753553', 'uni.zhangmingjing@haier.com', '5', '5', '离职', '1', '龙泰天祥', '青岛工业园', '2015-09-14', '', '2016-03-04', 'NULL', '', '', '1', '1899-12-30 08:50:00', '1899-12-30 18:00:00', '1899-12-30 10:00:00', '1899-12-30 16:00:00', '0', '0', '1');
INSERT INTO `userinfo` VALUES ('248', '蔡言均', 'Haier,123', '15523833820', '', '5', '9', '离职', '1', '阳光雨露', '重庆工业园', '2015-08-21', '备份', '2016-07-07', 'NULL', '', '', '1', '1899-12-30 09:00:00', '1899-12-30 17:30:00', '1899-12-30 09:30:00', '1899-12-30 17:00:00', '0', '0', '0');
INSERT INTO `userinfo` VALUES ('249', '张毅', 'Haier,123', '15597179933', '1035811099@qq.com', '5', '9', '在职', '4', '阳光雨露', '银川工贸', '2015-09-17', '接替妥鹏', null, 'NULL', '', '', '3', '1899-12-30 09:00:00', '1899-12-30 18:00:00', '1899-12-30 09:00:00', '1899-12-30 18:00:00', '0', '0', '0');
INSERT INTO `userinfo` VALUES ('250', '薛延虎', 'Haier,123', '15309715513', '394185994@qq.com', '5', '9', '离职', '4', '阳光雨露', '西宁工贸', '2015-09-17', '接替李青', '2016-01-25', 'NULL', '', '', '1', '1899-12-30 09:00:00', '1899-12-30 18:00:00', '1899-12-30 09:00:00', '1899-12-30 18:00:00', '0', '0', '0');
INSERT INTO `userinfo` VALUES ('251', '戴雄龙', 'Haier,123', '17889943276', '474136022@qq.com', '5', '9', '在职', '4', '阳光雨露', '海口工贸', '2015-06-06', '接替詹兴龙', null, 'NULL', '', '', '3', '1899-12-30 09:00:00', '1899-12-30 18:00:00', '1899-12-30 09:00:00', '1899-12-30 18:00:00', '0', '0', '0');
INSERT INTO `userinfo` VALUES ('252', '刘寅', 'Haier,123', '13812041923', 'uni.liuyin@haier.com', '5', '9', '在职', '1', '源晨动力', '无锡物流', '2015-10-21', '物流新增', null, 'NULL', '', '', '3', '1899-12-30 09:00:00', '1899-12-30 18:00:00', '1899-12-30 09:00:00', '1899-12-30 18:00:00', '0', '0', '6.5');
INSERT INTO `userinfo` VALUES ('253', '陈童彪', 'Haier,123', '15256067271', 'uni.chentb@haier.com', '5', '9', '离职', '1', '阳光雨露', '合肥物流', '2015-10-21', '物流新增', '2016-07-26', 'NULL', '', '', '1', '1899-12-30 09:00:00', '1899-12-30 18:00:00', '1899-12-30 09:00:00', '1899-12-30 18:00:00', '0', '0', '8');
INSERT INTO `userinfo` VALUES ('254', '邱冠桦', 'Haier,123', '15158896197', 'uni.qiugh@haier.com', '5', '9', '在职', '1', '阳光雨露', '杭州物流', '2015-10-26', '物流新增', null, 'NULL', '', '', '3', '1899-12-30 09:00:00', '1899-12-30 18:00:00', '1899-12-30 09:00:00', '1899-12-30 18:00:00', '0', '0', '0');
INSERT INTO `userinfo` VALUES ('255', '薛瑞祥', 'Haier,123', '18710946269', '775172248@qq.com', '5', '9', '离职', '1', '阳光雨露', '西安物流', '2015-10-26', '物流新增', null, 'NULL', '', '', '3', '1899-12-30 09:00:00', '1899-12-30 18:00:00', '1899-12-30 09:00:00', '1899-12-30 18:00:00', '0', '0', '0');
INSERT INTO `userinfo` VALUES ('256', '王安强', 'Haier,123', '15153124027', '', '5', '9', '离职', '1', '阳光雨露', '济南物流', '2015-10-28', '物流新增', null, 'NULL', '', '', '3', '1899-12-30 09:00:00', '1899-12-30 18:00:00', '1899-12-30 09:00:00', '1899-12-30 18:00:00', '0', '0', '0');
INSERT INTO `userinfo` VALUES ('257', '谢岳奇', 'Haier,123', '13510683431', 'uni.xieyq@haier.com', '5', '9', '离职', '1', '阳光雨露', '长沙物流', '2015-10-19', '物流新增', '2016-12-15', 'NULL', '', '', '1', '1899-12-30 09:00:00', '1899-12-30 18:00:00', '1899-12-30 09:00:00', '1899-12-30 18:00:00', '0', '0', '0');
INSERT INTO `userinfo` VALUES ('258', '刘凯', 'Haier,123', '18745761664', 'uni.liuk@haier.com', '5', '9', '离职', '1', '阳光雨露', '哈尔滨物流', '2015-10-22', '物流新增', '2016-12-07', 'NULL', '', '', '1', '1899-12-30 09:00:00', '1899-12-30 18:00:00', '1899-12-30 09:00:00', '1899-12-30 18:00:00', '0', '0', '4');
INSERT INTO `userinfo` VALUES ('259', '余龙凤', 'Haier,123', '13795454780', 'uni.zhangyr@haier.com', '5', '9', '离职', '1', '阳光雨露', '上海练塘物流', '2015-12-18', '接替张怡然', '2016-05-21', 'NULL', '', '', '1', '1899-12-30 09:30:00', '1899-12-30 17:30:00', '1899-12-30 09:30:00', '1899-12-30 17:30:00', '0', '0', '41');
INSERT INTO `userinfo` VALUES ('260', '张慧敏', 'Haier,123', '15712892363', 'uni.zhanghm@haier.com', '5', '9', '离职', '1', '阳光雨露', '北京物流', '2015-10-28', '物流新增', '2016-11-17', 'NULL', '', '', '1', '1899-12-30 09:00:00', '1899-12-30 17:30:00', '1899-12-30 09:00:00', '1899-12-30 17:30:00', '0', '0', '0');
INSERT INTO `userinfo` VALUES ('261', '严从政', 'Haier,123', '15391550092', 'uni.yanczh@haier.com', '5', '9', '在职', '1', '阳光雨露', '武汉物流', '2015-10-28', '物流新增', null, 'NULL', '', '', '1', '1899-12-30 09:00:00', '1899-12-30 18:00:00', '1899-12-30 09:20:00', '1899-12-30 18:00:00', '0', '0', '20');
INSERT INTO `userinfo` VALUES ('262', '刘承国', 'Haier,123', '18306413819', 'uni.liuchg@haier.com', '5', '9', '离职', '1', '阳光雨露', '济南物流', '2015-10-27', '物流新增', '2017-01-07', 'NULL', '', '', '3', '1899-12-30 09:00:00', '1899-12-30 18:00:00', '1899-12-30 09:00:00', '1899-12-30 18:00:00', '0', '0', '3');
INSERT INTO `userinfo` VALUES ('263', '马旭', 'Haier,123', '15934893835', '', '5', '9', '离职', '1', '阳光雨露', '西安工贸', '2015-10-28', '物流新增', null, 'NULL', '', '', '3', '1899-12-30 09:00:00', '1899-12-30 17:30:00', '1899-12-30 09:00:00', '1899-12-30 18:00:00', '0', '0', '0');
INSERT INTO `userinfo` VALUES ('264', '姚仲明', 'Haier,123', '13190167386', 'uni.shangyj@haier.com', '5', '9', '离职', '1', '神码通用', '大连工贸', '2015-11-02', '接替尚赢杰', null, 'NULL', '', '', '3', '1899-12-30 08:45:00', '1899-12-30 17:30:00', '1899-12-30 09:00:00', '1899-12-30 18:00:00', '0', '0', '0');
INSERT INTO `userinfo` VALUES ('265', '朱帅', 'Haier,123', '18792799279', 'uni.zhush@haier.com', '5', '9', '在职', '1', '阳光雨露', '西安物流', '2015-11-05', '物流新增', null, 'NULL', '', '', '3', '1899-12-30 09:00:00', '1899-12-30 18:00:00', '1899-12-30 09:00:00', '1899-12-30 18:00:00', '0', '0', '0');
INSERT INTO `userinfo` VALUES ('266', '袁孝丁', 'Haier,123', '15979116261', 'yuanxd1987@iCloud.com', '5', '9', '', '1', '阳光雨露', '南昌物流', '2015-11-10', '临时驻场', null, 'NULL', '', '', '3', '1899-12-30 09:00:00', '1899-12-30 18:00:00', '1899-12-30 09:00:00', '1899-12-30 18:00:00', '0', '0', '0');
INSERT INTO `userinfo` VALUES ('267', '袁孝丁', 'Haier,123', '15979116261', 'yuanxd1987@iCloud.com', '5', '9', '离职', '1', '阳光雨露', '南昌物流', '2015-11-10', '临时驻场', null, 'NULL', '', '', '3', '1899-12-30 09:00:00', '1899-12-30 18:00:00', '1899-12-30 09:00:00', '1899-12-30 18:00:00', '0', '0', '0');
INSERT INTO `userinfo` VALUES ('268', '朱志源', 'Haier,123', '18020630756', '740242045@qq.com', '5', '9', '离职', '1', '阳光雨露', '福州物流', '2015-11-10', '临时驻场', null, 'NULL', '', '', '3', '1899-12-30 09:00:00', '1899-12-30 18:00:00', '1899-12-30 09:00:00', '1899-12-30 18:00:00', '0', '0', '0');
INSERT INTO `userinfo` VALUES ('269', '腾继发', 'Haier,123', '18260987286', '523135377@qq.com', '5', '9', '离职', '1', '阳光雨露', '南宁物流', '2015-11-10', '临时驻场', null, 'NULL', '', '', '3', '1899-12-30 09:00:00', '1899-12-30 18:00:00', '1899-12-30 09:00:00', '1899-12-30 18:00:00', '0', '0', '0');
INSERT INTO `userinfo` VALUES ('270', '赵嘉鑫', 'Haier,123', '15820796547', '350232769@qq.com', '5', '9', '离职', '1', '阳光雨露', '深圳物流', '2015-11-10', '临时驻场', null, 'NULL', '', '', '3', '1899-12-30 09:00:00', '1899-12-30 18:00:00', '1899-12-30 09:00:00', '1899-12-30 18:00:00', '0', '0', '0');
INSERT INTO `userinfo` VALUES ('271', '李明', 'Haier,123', '18585620886', 'leyou@139.com', '5', '9', '离职', '1', '阳光雨露', '贵阳物流', '2015-11-10', '临时驻场', null, 'NULL', '', '', '3', '1899-12-30 09:00:00', '1899-12-30 18:00:00', '1899-12-30 09:00:00', '1899-12-30 18:00:00', '0', '0', '0');
INSERT INTO `userinfo` VALUES ('272', '李洪涛', 'Haier,123', '15276304704', '761497091@qq.com', '5', '9', '离职', '1', '阳光雨露', '新疆物流', '2015-11-10', '临时驻场', null, 'NULL', '', '', '3', '1899-12-30 09:00:00', '1899-12-30 18:00:00', '1899-12-30 09:00:00', '1899-12-30 18:00:00', '0', '0', '0');
INSERT INTO `userinfo` VALUES ('273', '赵伟贺', 'Haier,123', '18641122237', 'zwhssc@vip.qq.com', '5', '9', '在职', '1', '神码通用', '大连工贸', '2015-11-12', '接替姚仲明', null, 'NULL', '', '', '3', '1899-12-30 08:45:00', '1899-12-30 17:30:00', '1899-12-30 09:00:00', '1899-12-30 18:00:00', '0', '0', '0');
INSERT INTO `userinfo` VALUES ('274', '李洪艳', 'Haier,123', '15666910571', '', '5', '5', '离职', '1', '阳光雨露', '青岛工业园', '2015-11-12', '备份', '2015-12-07', 'NULL', '', '', '1', '1899-12-30 08:50:00', '1899-12-30 18:00:00', '1899-12-30 10:00:00', '1899-12-30 16:00:00', '0', '0', '0');
INSERT INTO `userinfo` VALUES ('275', '郭弘喆', 'Haier,123', '13840041266', '', '5', '9', '离职', '1', '神码通用', '沈阳工业园', '2015-12-28', '新增CT', '2016-09-15', 'NULL', '', '', '1', '1899-12-30 09:00:00', '1899-12-30 17:30:00', '1899-12-30 10:00:00', '1899-12-30 16:00:00', '0', '0', '0');
INSERT INTO `userinfo` VALUES ('276', '白立胜', 'Haier,123', '18953295130', '', '5', '7', '离职', '1', '阳光雨露', '海尔信息园', '2016-01-11', '接替杨升敏', null, 'NULL', '', '', '1', '1899-12-30 08:50:00', '1899-12-30 18:00:00', '1899-12-30 08:50:00', '1899-12-30 18:00:00', '0', '0', '0');
INSERT INTO `userinfo` VALUES ('277', '董萌萌', 'Haier,123', '18766261572', 'jc-dongmm@chinaunicom.cn', '5', '8', '在职', '1', '阳光雨露', '青岛信息园', '2016-02-01', '', null, 'NULL', '', '', '1', '1899-12-30 08:50:00', '1899-12-30 18:00:00', '1899-12-30 10:00:00', '1899-12-30 16:00:00', '0', '0', '0');
INSERT INTO `userinfo` VALUES ('278', '于群杰', 'Haier,123', '18562277323', 'uni.yuqj@haier.com', '5', '5', '离职', '1', '阳光雨露', '青岛信息园', '2016-01-25', '接替陈浩', null, 'NULL', '', '', '1', '1899-12-30 08:50:00', '1899-12-30 18:00:00', '1899-12-30 10:00:00', '1899-12-30 16:00:00', '0', '0', '0');
INSERT INTO `userinfo` VALUES ('279', '张新宇', 'Haier,123', '18562860703', 'uni.zhangxy@haier.com', '5', '5', '离职', '1', '阳光雨露', '青岛信息园', '2015-01-05', '接替赵方亮', null, 'NULL', '', '', '1', '1899-12-30 08:50:00', '1899-12-30 18:00:00', '1899-12-30 10:00:00', '1899-12-30 16:00:00', '0', '0', '0');
INSERT INTO `userinfo` VALUES ('280', '白立胜', 'Haier,123', '18953295130', '', '5', '5', '离职', '1', '阳光雨露', '青岛信息园', '2016-01-11', '接替杨升敏', null, 'NULL', '', '', '1', '1899-12-30 08:50:00', '1899-12-30 18:00:00', '1899-12-30 08:50:00', '1899-12-30 18:00:00', '0', '0', '0');
INSERT INTO `userinfo` VALUES ('281', '于波', 'Haier,123', '18669774618', 'uni.yub@haeir.com', '5', '6', '在职', '1', '拓天', '青岛信息园', '2016-03-28', '接替满福鹏', null, 'NULL', '', '', '1', '1899-12-30 08:50:00', '1899-12-30 18:00:00', '1899-12-30 08:50:00', '1899-12-30 18:00:00', '0', '0', '0');
INSERT INTO `userinfo` VALUES ('282', '吴凉凉', 'Haier,123', '18514005228', 'uni.wull@haier.com', '5', '6', '在职', '1', '拓天', '青岛信息园', '2015-09-15', '接替齐可友', null, 'NULL', '', '', '1', '1899-12-30 08:50:00', '1899-12-30 18:00:00', '1899-12-30 08:50:00', '1899-12-30 18:00:00', '0', '0', '0');
INSERT INTO `userinfo` VALUES ('283', '党小蒙', 'Haier,123', '13623829305', 'uni.wangzhb@haier.com', '5', '9', '在职', '1', '阳光雨露', '郑州工贸', '2016-01-18', '接替王兆波', null, 'NULL', '', '', '3', '1899-12-30 09:00:00', '1899-12-30 18:00:00', '1899-12-30 09:30:00', '1899-12-30 17:30:00', '0', '40', '0');
INSERT INTO `userinfo` VALUES ('284', '代生灿', 'Haier,123', '15922881304', 'uni.daishc@haier.com', '5', '9', '离职', '1', '阳光雨露', '成都工贸', '2015-12-05', '接替代朝', null, 'NULL', '', '', '1', '1899-12-30 09:00:00', '1899-12-30 18:00:00', null, null, '0', '0', '0');
INSERT INTO `userinfo` VALUES ('285', '王兴和', 'Haier,123', '13435411155', '156539799@qq.com', '5', '9', '在职', '1', '阳光雨露', '顺德工贸', '2016-02-04', '接替黄智杰', null, 'NULL', '', '', '1', '1899-12-30 09:00:00', '1899-12-30 17:30:00', '1899-12-30 10:00:00', '1899-12-30 15:00:00', '0', '0', '2');
INSERT INTO `userinfo` VALUES ('286', '李阳', 'Haier,123', '15256080090', 'uni.liy@haier.com', '5', '9', '离职', '1', '蓝色快车', '合肥工贸', '2016-02-19', '接替杨昆宇', '2016-04-14', 'NULL', '', '', '3', '1899-12-30 08:50:00', '1899-12-30 17:50:00', null, null, '0', '0', '0');
INSERT INTO `userinfo` VALUES ('287', '杨健', 'Haier,123', '18610299980', '', '3', '9', '离职', '2', '阳光雨露', '', '2016-02-19', '接替张伟', '2016-05-21', 'NULL', '接替张伟', '', '1', '1899-12-30 09:00:00', '1899-12-30 18:00:00', '1899-12-30 09:00:00', '1899-12-30 09:00:00', '0', '0', '0');
INSERT INTO `userinfo` VALUES ('288', '冯秉杰', 'Haier,123', '15111714906', '314565283@qq.com', '5', '9', '在职', '4', '阳光雨露', '西宁工贸', '2016-01-25', '接替薛延虎', null, 'NULL', '', '', '3', '1899-12-30 09:00:00', '1899-12-30 18:00:00', '1899-12-30 09:00:00', '1899-12-30 18:00:00', '0', '0', '0');
INSERT INTO `userinfo` VALUES ('289', '张松', 'Haier,123', '15000889549', 'uni.zhangsong@haier.com', '5', '9', '在职', '1', '蓝色快车', '上海工贸', '0000-00-00', '接替刘阳', null, 'NULL', '', '', '1', '1899-12-30 09:00:00', '1899-12-30 18:00:00', '1899-12-30 10:00:00', '1899-12-30 15:00:00', '0', '0', '0');
INSERT INTO `userinfo` VALUES ('290', '赵博', 'Haier,123', '15146008203', 'uni.zhaobo@haier.com', '5', '9', '离职', '1', '阳光雨露', '哈尔滨工贸', '2016-03-23', '接替李柏林', '2016-12-14', 'NULL', '', '', '1', '1899-12-30 09:00:00', '1899-12-30 18:00:00', '1899-12-30 09:00:00', '1899-12-30 18:00:00', '0', '0', '0');
INSERT INTO `userinfo` VALUES ('291', '李海亮', 'Haier,123', '17089970510', '', '5', '12', '离职', '1', '龙泰天祥', '青岛信息园', '2016-03-28', '接替马涛', null, 'NULL', '', '', '1', '1899-12-30 08:50:00', '1899-12-30 18:00:00', '1899-12-30 08:50:00', '1899-12-30 18:00:00', '0', '0', '0');
INSERT INTO `userinfo` VALUES ('292', '高静', 'Haier,123', '18754563343', 'uni.gaoj@haier.com', '5', '4', '在职', '1', '龙泰天祥', '青岛海尔信息园', '0000-00-00', '', null, 'NULL', '', '', '1', '1899-12-30 08:50:00', '1899-12-30 18:00:00', '1899-12-30 10:00:00', '1899-12-30 16:00:00', '0', '0', '48.5');
INSERT INTO `userinfo` VALUES ('293', '刘刚奇', 'Haier,123', '18212071495', 'uni.liugangqi@haier.com', '5', '9', '在职', '1', '阳光雨露', '遵义工业园', '2016-04-08', '接替刘智勇', null, 'NULL', '', '', '1', '1899-12-30 09:00:00', '1899-12-30 18:00:00', '1899-12-30 09:00:00', '1899-12-30 16:00:00', '0', '0', '0');
INSERT INTO `userinfo` VALUES ('294', '曲洪超', 'Haier,123', '13475802495', '', '5', '7', '离职', '1', '阳光雨露', '青岛工业园', '2016-04-18', '接替林峰', '2016-06-16', 'NULL', '', '', '1', '1899-12-30 08:50:00', '1899-12-30 18:00:00', '1899-12-30 08:50:00', '1899-12-30 18:00:00', '0', '0', '0');
INSERT INTO `userinfo` VALUES ('295', '陆振军', 'Haier,123', '18663922206', '', '6', '5', '离职', '1', '蓝色快车', '青岛信息园', '2016-03-17', '', null, 'NULL', '', '', '1', '1899-12-30 08:50:00', '1899-12-30 18:00:00', '1899-12-30 10:00:00', '1899-12-30 16:00:00', '0', '0', '0');
INSERT INTO `userinfo` VALUES ('296', '曲宗升', 'Haier,123', '15563962839', 'uni.quzsh@haier.com', '5', '5', '在职', '1', '阳光雨露', '青岛工业园', '2016-04-13', '新增', null, 'NULL', '', '', '1', '1899-12-30 08:50:00', '1899-12-30 18:00:00', '1899-12-30 10:00:00', '1899-12-30 16:00:00', '0', '0', '0');
INSERT INTO `userinfo` VALUES ('297', '刘钊', 'Haier,123', '13280861582', '', '5', '5', '离职', '1', '阳光雨露', '青岛海尔工业园', '2016-05-10', '接替邹运', null, 'NULL', '', '', '1', '1899-12-30 08:50:00', '1899-12-30 18:00:00', '1899-12-30 10:00:00', '1899-12-30 16:00:00', '0', '0', '0');
INSERT INTO `userinfo` VALUES ('298', '杨昆宇', 'Haier,123', '18919647935', 'uni.yangky@haier.com', '5', '9', '离职', '1', '蓝色快车', '合肥工贸', '2016-04-14', '接替李阳', '2016-12-22', 'NULL', '', '', '1', '1899-12-30 08:50:00', '1899-12-30 17:50:00', null, null, '0', '0', '0');
INSERT INTO `userinfo` VALUES ('299', '张志亚', 'Haier,123', '15610070936', 'uni.zhangzhiy@haier.com', '5', '5', '离职', '1', '蓝色快车', '黄岛工业园', '2016-04-19', '接替贾宝全', null, 'NULL', '', '', '1', '1899-12-30 08:50:00', '1899-12-30 18:00:00', '1899-12-30 10:00:00', '1899-12-30 16:00:00', '0', '0', '0');
INSERT INTO `userinfo` VALUES ('300', '于旭', 'Haier,123', '15610063217', 'uni.yuxu@haier.com', '5', '5', '在职', '1', '阳光雨露', '青岛海尔工业园', '2016-05-05', '', null, 'NULL', '', '', '1', '1899-12-30 08:50:00', '1899-12-30 18:00:00', '1899-12-30 10:00:00', '1899-12-30 16:00:00', '0', '0', '0');
INSERT INTO `userinfo` VALUES ('301', '韦彬', 'Haier,123', '15249251191', 'uni.weibin@haier.com', '5', '9', '在职', '1', '神码通用', '西安工贸', '2016-05-12', '接替陈振华', null, 'NULL', '', '', '1', '1899-12-30 09:00:00', '1899-12-30 18:00:00', '1899-12-30 09:00:00', '1899-12-30 18:00:00', '0', '0', '0');
INSERT INTO `userinfo` VALUES ('302', '黄丽云', 'Haier,123', '15676797195', 'uni.huangly@haier.com', '5', '9', '在职', '1', '神码通用', '南宁工贸', '2016-05-17', '接替梁斯', null, 'NULL', '', '', '1', '1899-12-30 09:00:00', '1899-12-30 18:00:00', '1899-12-30 10:00:00', '1899-12-30 16:00:00', '0', '0', '7');
INSERT INTO `userinfo` VALUES ('303', '刘贤辉', 'Haier,123', '18217365527', 'uni.liuxh@haier.com', '5', '9', '离职', '1', '阳光雨露', '上海练塘', '2016-05-20', '接替余龙凤', '2017-01-18', 'NULL', '', '', '3', '1899-12-30 09:30:00', '1899-12-30 17:30:00', '1899-12-30 09:30:00', '1899-12-30 17:30:00', '0', '0', '0');
INSERT INTO `userinfo` VALUES ('304', '李桂宇', 'Haier,123', '18561792562', 'uni.ligy@haier.com', '2', '9', '在职', '1', '龙泰天祥', '青岛工业园', '2016-05-23', '接替杨健', null, 'NULL', '', '', '1', '1899-12-30 08:50:00', '1899-12-30 18:00:00', null, null, '0', '0', '31');
INSERT INTO `userinfo` VALUES ('305', '蔡锐', 'Haier,123', '18561978916', 'uni.cair@haier.com', '3', '9', '在职', '1', '拓天', '青岛海尔工业园', '2016-05-23', '', null, 'NULL', '', '', '1', '1899-12-30 08:50:00', '1899-12-30 18:00:00', null, null, '0', '0', '8');
INSERT INTO `userinfo` VALUES ('306', '李扬', 'Haier,123', '13156232017', 'uni.liyang@haier.com', '5', '5', '在职', '1', '阳光雨露', '青岛海尔工业园', '2016-05-31', '接替邹运', null, 'NULL', '', '', '1', '1899-12-30 08:50:00', '1899-12-30 18:00:00', '1899-12-30 10:00:00', '1899-12-30 16:00:00', '0', '0', '5');
INSERT INTO `userinfo` VALUES ('307', '郭旭', 'Haier,123', '13766783125', 'uni.guox@haier.com', '5', '9', '在职', '1', '神码通用', '北京工贸', '2016-06-02', '接替刘义龙', null, 'NULL', '', '', '1', '1899-12-30 08:50:00', '1899-12-30 17:30:00', '1899-12-30 09:00:00', '1899-12-30 18:00:00', '0', '0', '0');
INSERT INTO `userinfo` VALUES ('308', '蔡艳林', 'Haier,123', '18659231253', 'uni.caiyl@haier.com', '5', '9', '在职', '1', '阳光雨露', '厦门工贸', '2016-06-01', '接替李建煌', null, 'NULL', '', '', '1', '1899-12-30 09:00:00', '1899-12-30 18:00:00', '1899-12-30 09:00:00', '1899-12-30 18:00:00', '0', '0', '0');
INSERT INTO `userinfo` VALUES ('309', '李军辉', 'Haier,123', '15092456515', '', '5', '5', '在职', '1', '蓝色快车', '青岛海尔信息园', '2016-03-21', '接替王云翔', null, 'NULL', '', '', '1', '1899-12-30 08:50:00', '1899-12-30 18:00:00', '1899-12-30 10:00:00', '1899-12-30 16:00:00', '0', '0', '0');
INSERT INTO `userinfo` VALUES ('310', '李中庆', 'Haier,123', '18560663001', 'uni.lizhq@haier.com', '5', '4', '在职', '1', '龙泰天祥', '青岛海尔信息园', '2016-05-30', '', null, 'NULL', '', '', '1', '1899-12-30 08:50:00', '1899-12-30 18:00:00', '1899-12-30 10:00:00', '1899-12-30 16:00:00', '0', '0', '26');
INSERT INTO `userinfo` VALUES ('311', '高云松', 'Haier,123', '13188987882', '', '5', '4', '离职', '1', '龙泰天祥', '青岛海尔信息园', '2016-06-06', '', null, 'NULL', '', '', '1', '1899-12-30 08:50:00', '1899-12-30 18:00:00', '1899-12-30 10:00:00', '1899-12-30 16:00:00', '0', '0', '0');
INSERT INTO `userinfo` VALUES ('312', '孟玲', 'Haier,123', '18661638735', 'uni.mengl@haier.com', '5', '4', '在职', '1', '龙泰天翔', '青岛海尔信息园', '2016-05-19', '', null, 'NULL', '', '', '1', '1899-12-30 08:50:00', '1899-12-30 18:00:00', '1899-12-30 10:00:00', '1899-12-30 16:00:00', '0', '0', '19.5');
INSERT INTO `userinfo` VALUES ('313', '邱成龙', 'Haier,123', '18653253940', 'uni.qiuchl@haier.com', '5', '5', '离职', '1', '蓝色快车', '青岛海尔工业园', '2016-05-30', '', null, 'NULL', '', '', '1', '1899-12-30 08:50:00', '1899-12-30 18:00:00', '1899-12-30 10:00:00', '1899-12-30 16:00:00', '0', '0', '0');
INSERT INTO `userinfo` VALUES ('314', '周杰', 'Haier,123', '15689939501', 'jc-zhouj3@chinaunicom.cn', '3', '12', '在职', '1', '拓天', '青岛海尔工业园', '2016-06-07', '', null, 'NULL', '', '', '1', '1899-12-30 08:50:00', '1899-12-30 18:00:00', '1899-12-30 10:00:00', '1899-12-30 16:00:00', '0', '0', '0');
INSERT INTO `userinfo` VALUES ('315', '王利', 'Haier,123', '15969807066', 'uni.wangli@haier.com', '5', '4', '离职', '1', '龙泰天祥', '青岛海尔信息园', '2016-06-15', '接替王宇', null, 'NULL', '', '', '1', '1899-12-30 08:50:00', '1899-12-30 18:00:00', '1899-12-30 10:00:00', '1899-12-30 16:00:00', '0', '0', '1');
INSERT INTO `userinfo` VALUES ('316', '刘帅', 'Haier,123', '18661931007', 'uni.liushuai@haier.com', '5', '4', '离职', '1', '龙泰天祥', '青岛海尔信息园', '2016-07-04', '', null, 'NULL', '', '', '1', '1899-12-30 08:50:00', '1899-12-30 18:00:00', '1899-12-30 10:00:00', '1899-12-30 16:00:00', '0', '0', '7.5');
INSERT INTO `userinfo` VALUES ('317', '于振强', 'Haier,123', '15822869274', 'uni.yuzhq@haier.com', '5', '9', '在职', '1', '阳光雨露', '天津工贸', '2016-07-04', '接替王宁宁', null, 'NULL', '', '', '1', '1899-12-30 09:00:00', '1899-12-30 18:00:00', '1899-12-30 09:30:00', '1899-12-30 17:30:00', '0', '0', '0');
INSERT INTO `userinfo` VALUES ('318', '徐德欣', 'Haier,123', '17685515923', 'uni.xudx@haier.com', '5', '5', '离职', '1', '蓝色快车', '青岛海尔信息园', '2016-06-20', '接替耿晓琳', null, 'NULL', '', '', '1', '1899-12-30 08:50:00', '1899-12-30 18:00:00', '1899-12-30 10:00:00', '1899-12-30 16:00:00', '0', '0', '0');
INSERT INTO `userinfo` VALUES ('319', '王斌', 'Haier,123', '15621107887', 'uni.wangb@haier.com', '5', '5', '在职', '1', '蓝色快车', '青岛海尔工业园', '2016-06-23', '接替刘佳林', null, 'NULL', '', '', '1', '1899-12-30 08:50:00', '1899-12-30 18:00:00', '1899-12-30 10:00:00', '1899-12-30 16:00:00', '0', '0', '0');
INSERT INTO `userinfo` VALUES ('320', '姜述伟', 'Haier,123', '18266626220', '', '5', '7', '在职', '1', '阳光雨露', '青岛海尔工业园', '2016-06-27', '接替曲洪超', null, 'NULL', '', '', '1', '1899-12-30 08:50:00', '1899-12-30 18:00:00', '1899-12-30 08:50:00', '1899-12-30 18:00:00', '0', '0', '2.5');
INSERT INTO `userinfo` VALUES ('321', '姜明佳', 'Haier,123', '13863920015', '', '5', '4', '离职', '1', '龙泰天祥', '青岛海尔工业园', '2016-07-04', '接替马涛', null, 'NULL', '', '', '1', '1899-12-30 08:50:00', '1899-12-30 18:00:00', '1899-12-30 08:50:00', '1899-12-30 18:00:00', '0', '0', '0');
INSERT INTO `userinfo` VALUES ('322', '玄冲', 'Haier,123', '13361450939', '', '6', '5', '离职', '1', '阳光雨露', '青岛海尔信息园', '2016-07-01', '', null, 'NULL', '', '', '1', '1899-12-30 08:50:00', '1899-12-30 18:00:00', '1899-12-30 10:00:00', '1899-12-30 16:00:00', '0', '0', '0');
INSERT INTO `userinfo` VALUES ('323', '杨程钧', 'Haier,123', '18166467311', '247997847@qq.com', '5', '9', '在职', '1', '阳光雨露', '重庆金融', '2016-07-12', '接替张杰', null, 'NULL', '', '', '1', '1899-12-30 09:00:00', '1899-12-30 17:30:00', '1899-12-30 09:30:00', '1899-12-30 17:00:00', '0', '0', '0');
INSERT INTO `userinfo` VALUES ('324', '萧昆铭', 'Haier,123', '15092096651', 'uni.xiaokm@haier.com', '5', '4', '离职', '1', '龙泰天祥', '青岛海尔信息园', '2016-07-11', '', null, 'NULL', '', '', '1', '1899-12-30 08:50:00', '1899-12-30 18:00:00', '1899-12-30 10:00:00', '1899-12-30 16:00:00', '0', '0', '0');
INSERT INTO `userinfo` VALUES ('325', '钟希康', 'Haier,123', '18505328375', '', '3', '12', '在职', '1', '阳光雨露', '青岛海尔信息园', '2016-07-15', '接替訾广众', null, 'NULL', '', '', '1', '1899-12-30 08:50:00', '1899-12-30 18:00:00', '1899-12-30 10:00:00', '1899-12-30 16:00:00', '0', '0', '0');
INSERT INTO `userinfo` VALUES ('326', '许锋', 'Haier,123', '13515517299', 'uni.xuf@haier.com', '5', '9', '在职', '1', '阳光雨露', '合肥工业园', '2016-07-22', '接替张久洲', null, 'NULL', '', '', '1', '1899-12-30 09:00:00', '1899-12-30 17:30:00', '1899-12-30 10:00:00', '1899-12-30 17:30:00', '0', '0', '0');
INSERT INTO `userinfo` VALUES ('327', '赵明炜', 'Haier,123', '18883201456', '583088709@qq.com', '5', '9', '在职', '1', '阳光雨露', '重庆工业园', '2016-07-19', '接替备份蔡言均', null, 'NULL', '', '', '1', '1899-12-30 09:00:00', '1899-12-30 17:30:00', '1899-12-30 09:30:00', '1899-12-30 17:00:00', '0', '0', '0');
INSERT INTO `userinfo` VALUES ('328', '蔡逢阳', 'Haier,123', '18957702035', '38814771', '5', '9', '在职', '1', '阳光雨露', '合肥物流', '2016-08-01', '接替陈童彪', null, 'NULL', '', '', '1', '1899-12-30 09:00:00', '1899-12-30 18:00:00', '1899-12-30 09:00:00', '1899-12-30 18:00:00', '0', '0', '1.5');
INSERT INTO `userinfo` VALUES ('329', '梁飞风', 'Haier,123', '13061377311', 'uni.liangff@haier.com', '5', '5', '在职', '1', '阳光雨露', '青岛海尔工业园', '2016-08-08', '接替曲延祥', null, 'NULL', '', '', '1', '1899-12-30 08:50:00', '1899-12-30 18:00:00', '1899-12-30 10:00:00', '1899-12-30 16:00:00', '0', '0', '0');
INSERT INTO `userinfo` VALUES ('330', '丁世祥', 'Haier,123', '15698142853', 'uni.dingshx@haier.com', '5', '5', '离职', '1', '蓝色快车', '黄岛工业园', '2016-08-16', '接替王正兴', null, 'NULL', '', '', '1', '1899-12-30 08:50:00', '1899-12-30 18:00:00', '1899-12-30 10:00:00', '1899-12-30 16:00:00', '0', '0', '0');
INSERT INTO `userinfo` VALUES ('331', '朱方龙', 'Haier,123', '18653262559', '', '5', '7', '在职', '1', '蓝色快车', '青岛海尔信息园', '2016-08-08', '接替梁帅', null, 'NULL', '', '', '1', '1899-12-30 08:50:00', '1899-12-30 18:00:00', '1899-12-30 08:50:00', '1899-12-30 18:00:00', '0', '0', '10.5');
INSERT INTO `userinfo` VALUES ('332', '王宇飞', 'Haier,123', '18406317460', 'uni.wangyf@haier.com', '5', '4', '在职', '1', '阳光雨露', '青岛海尔信息园', '2016-09-05', '接替徐亮', null, 'NULL', '', '', '1', '1899-12-30 08:50:00', '1899-12-30 18:00:00', '1899-12-30 08:50:00', '1899-12-30 18:00:00', '0', '0', '39');
INSERT INTO `userinfo` VALUES ('333', '王雷书', 'Haier,123', '15664433954', 'uni.wanglsh@haier.com', '5', '4', '在职', '1', '龙泰天祥', '青岛海尔信息园', '2016-09-05', '', null, 'NULL', '', '', '1', '1899-12-30 08:50:00', '1899-12-30 18:00:00', '1899-12-30 08:50:00', '1899-12-30 18:00:00', '0', '0', '7');
INSERT INTO `userinfo` VALUES ('334', '王磊', 'Haier,123', '18642067868', 'uni.wanglei@haier.com', '5', '9', '在职', '1', '神码通用', '沈阳工业园', '2016-09-27', '接替郭弘喆', null, 'NULL', '', '', '1', '1899-12-30 09:00:00', '1899-12-30 17:30:00', '1899-12-30 10:00:00', '1899-12-30 16:00:00', '0', '0', '0');
INSERT INTO `userinfo` VALUES ('335', '郑荣义', 'Haier,123', '13876458267', '1060890551@qq.com', '6', '9', '离职', '4', '阳光雨露', '海口工贸', '2016-10-08', '新增备份', '2017-01-05', 'NULL', '', '', '1', null, null, null, null, '0', '0', '0');
INSERT INTO `userinfo` VALUES ('336', '王磊网络', 'Haier,123', '13697687906', 'uni.wanglei1@haier.com', '5', '4', '在职', '1', '龙泰天祥', '青岛海尔工业园', '2016-10-31', '接替刘帅', null, 'NULL', '', '', '1', '1899-12-30 08:50:00', '1899-12-30 18:00:00', '1899-12-30 10:00:00', '1899-12-30 16:00:00', '0', '0', '36');
INSERT INTO `userinfo` VALUES ('337', '宋晓林', 'Haier,123', '15165227846', 'uni.songxl@haier.com', '5', '5', '在职', '1', '龙泰天祥', '胶州工业园', null, '接替刘凡', null, 'NULL', '', '', '1', '1899-12-30 09:00:00', '1899-12-30 17:30:00', '1899-12-30 09:00:00', '1899-12-30 17:30:00', '0', '0', '0');
INSERT INTO `userinfo` VALUES ('338', '潘海润', 'Haier,123', '18661660353', '', '5', '5', '离职', '1', '阳光雨露', '青岛海尔工业园', '2016-10-07', '李扬病假', null, 'NULL', '', '', '1', '1899-12-30 08:50:00', '1899-12-30 18:00:00', '1899-12-30 10:00:00', '1899-12-30 16:00:00', '0', '0', '0');
INSERT INTO `userinfo` VALUES ('339', '秦振新', 'Haier,123', '18701573407', 'uni.qinzhx@haier.com', '5', '9', '在职', '1', '阳光雨露', '北京物流', '2016-11-01', '接替张慧敏', null, 'NULL', '', '', '1', '1899-12-30 09:00:00', '1899-12-30 17:30:00', '1899-12-30 09:00:00', '1899-12-30 17:30:00', '0', '0', '0');
INSERT INTO `userinfo` VALUES ('340', '孙群', 'Haier,123', '18226759202', 'uni.sunq@haier.com', '5', '9', '在职', '1', '阳光雨露', '合肥工业园', '2016-11-21', '接替李志强', null, 'NULL', '', '', '1', '1899-12-30 09:00:00', '1899-12-30 17:30:00', '1899-12-30 10:00:00', '1899-12-30 17:30:00', '0', '0', '0');
INSERT INTO `userinfo` VALUES ('341', '徐已轩', 'Haier,123', '13061284268', 'uni.xuyx@haier.com', '5', '5', '在职', '1', '阳光雨露', '青岛海尔工业园', '2016-11-09', '', null, 'NULL', '', '', '1', '1899-12-30 08:50:00', '1899-12-30 18:00:00', '1899-12-30 10:00:00', '1899-12-30 16:00:00', '0', '0', '0');
INSERT INTO `userinfo` VALUES ('342', '周德昌', 'Haier,123', '18661912518', 'uni.zhoudch@haier.com', '5', '5', '离职', '1', '龙泰天祥', '青岛海尔工业园', '2016-11-21', '接替张鹏铭', null, 'NULL', '', '', '1', '1899-12-30 08:50:00', '1899-12-30 18:00:00', '1899-12-30 10:00:00', '1899-12-30 16:00:00', '0', '0', '0');
INSERT INTO `userinfo` VALUES ('343', '孙涛', 'Haier,123', '15092205097', 'uni.suntao@haier.com', '5', '5', '在职', '1', '阳光雨露', '青岛海尔工业园', '2016-11-21', '', null, 'NULL', '', '', '1', '1899-12-30 08:50:00', '1899-12-30 18:00:00', '1899-12-30 10:00:00', '1899-12-30 16:00:00', '0', '0', '0');
INSERT INTO `userinfo` VALUES ('344', '王琦', 'Haier,123', '13156257707', 'uni.wangqi@haier.com', '5', '4', '在职', '1', '龙泰天祥', '青岛海尔工业园', '2016-11-24', '', null, 'NULL', '', '', '1', '1899-12-30 08:50:00', '1899-12-30 18:00:00', '1899-12-30 10:00:00', '1899-12-30 16:00:00', '0', '0', '0');
INSERT INTO `userinfo` VALUES ('345', '郭洋博', 'Haier,123', '15045106150', 'uni.guoyb@haier.com', '5', '9', '在职', '1', '阳光雨露', '哈尔滨物流', '2016-11-30', '接替刘凯', null, 'NULL', '', '', '1', '1899-12-30 09:00:00', '1899-12-30 18:00:00', '1899-12-30 09:00:00', '1899-12-30 18:00:00', '0', '0', '0');
INSERT INTO `userinfo` VALUES ('346', '雷文', 'Haier,123', '15116376571', '', '5', '9', '在职', '1', '阳光雨露', '长沙物流', '2016-12-01', '接替谢岳奇', null, 'NULL', '', '', '1', null, null, null, null, '0', '0', '0');
INSERT INTO `userinfo` VALUES ('347', '肖玉', 'Haier,123', '18673449310', 'uni.xiaoy@haier.com', '5', '9', '在职', '1', '阳光雨露', '长沙物流', '2016-12-05', '接替谢岳奇', null, 'NULL', '', '', '1', '1899-12-30 09:00:00', '1899-12-30 18:00:00', '1899-12-30 09:00:00', '1899-12-30 18:00:00', '0', '0', '0');
INSERT INTO `userinfo` VALUES ('348', '余政君', 'Haier,123', '18905566362', 'uni.yuzhj@haier.com', '5', '9', '在职', '1', '阳光雨露', '合肥工贸', '2016-12-14', '接替杨昆宇', null, 'NULL', '', '', '1', '1899-12-30 08:50:00', '1899-12-30 17:50:00', null, null, '0', '0', '0');
INSERT INTO `userinfo` VALUES ('349', '刘凯', 'Haier,123', '18745761664', 'uni.liuk@haier.com', '5', '9', '在职', '1', '阳光雨露', '哈尔滨工贸', '2016-12-14', '接替赵博', null, 'NULL', '', '', '1', '1899-12-30 09:00:00', '1899-12-30 18:00:00', '1899-12-30 09:00:00', '1899-12-30 18:00:00', '0', '0', '0');
INSERT INTO `userinfo` VALUES ('350', '刘康', 'Haier,123', '13337121336', '815962417@qq.com ', '5', '9', '在职', '1', '神码通用', '北京工贸', '2016-12-19', '接替蒋军陶', null, 'NULL', '', '', '1', '1899-12-30 09:00:00', '1899-12-30 17:30:00', '1899-12-30 09:00:00', '1899-12-30 18:00:00', '0', '0', '0');
INSERT INTO `userinfo` VALUES ('351', '郭斌', 'Haier,123', '15865526220', 'uni.guobin@haier.com', '5', '6', '在职', '1', '拓天', '青岛海尔工业园', '2016-12-26', '接替牛同刚', null, 'NULL', '', '', '1', '1899-12-30 08:50:00', '1899-12-30 18:00:00', '1899-12-30 08:50:00', '1899-12-30 18:00:00', '0', '0', '0');
INSERT INTO `userinfo` VALUES ('352', '范齐淼', 'Haier,123', '15021104690', 'uni.fanqm@haier.com', '5', '9', '在职', '1', '阳光雨露', '成都工贸', '2017-02-03', '接替代生灿', null, 'NULL', '', '', '3', '1899-12-30 09:00:00', '1899-12-30 18:00:00', null, null, '0', '0', '0');
INSERT INTO `userinfo` VALUES ('353', '刘国强', 'Haier,123', '18266230613', 'uni.liugq@haier.com', '5', '5', '在职', '1', '阳光雨露', '青岛海尔工业园', '2017-01-06', '接替于群杰', null, 'NULL', '', '', '1', '1899-12-30 08:50:00', '1899-12-30 18:00:00', '1899-12-30 10:00:00', '1899-12-30 16:00:00', '0', '0', '0');
INSERT INTO `userinfo` VALUES ('354', '孙贵军', 'Haier,123', '13145323116', 'uni.sungj@haier.com', '5', '5', '在职', '1', '蓝色快车', '青岛海尔信息园', '2017-01-09', '', null, 'NULL', '', '', '1', '1899-12-30 08:50:00', '1899-12-30 18:00:00', '1899-12-30 10:00:00', '1899-12-30 16:00:00', '0', '0', '0');
INSERT INTO `userinfo` VALUES ('355', '刘超', 'Haier,123', '13869161995', 'uni.liuch@haier.com', '5', '9', '在职', '1', '阳光雨露', '济南物流', '2017-01-20', '接替刘承国', null, 'NULL', '', '', '1', '1899-12-30 09:00:00', '1899-12-30 18:00:00', '1899-12-30 09:00:00', '1899-12-30 18:00:00', '0', '0', '0');
INSERT INTO `userinfo` VALUES ('356', '黄强', 'Haier,123', '18321312478', 'uni.huangq@haier.com', '5', '9', '在职', '1', '阳光雨露', '上海练塘物流', '2017-01-18', '接替刘贤辉', null, 'NULL', '', '', '1', '1899-12-30 09:30:00', '1899-12-30 17:30:00', '1899-12-30 09:30:00', '1899-12-30 17:30:00', '0', '0', '4');
INSERT INTO `userinfo` VALUES ('357', '韩成旭', 'Haier,123', '13854221016', 'uni.hanchx@haier.com', '5', '9', '在职', '1', '阳光雨露', '即墨物流', '2017-01-12', '新增', null, 'NULL', '', '', '3', '1899-12-30 09:00:00', '1899-12-30 18:00:00', '1899-12-30 09:00:00', '1899-12-30 18:00:00', '0', '0', '0');
INSERT INTO `userinfo` VALUES ('358', '刘治宝', 'Haier,123', '15311429716', '350974594@qq.com', '5', '9', '离职', '1', '阳光雨露', '北京物流', '2017-02-08', '接替秦振新', '2017-02-08', 'NULL', '', '', '1', '1899-12-30 09:00:00', '1899-12-30 17:30:00', '1899-12-30 09:00:00', '1899-12-30 17:30:00', '0', '0', '0');
INSERT INTO `userinfo` VALUES ('359', '张钧', 'Haier,123', '17685885056', '', '6', '5', '在职', '1', '阳光雨露', '青岛海尔信息园', '2017-02-20', '', null, 'NULL', '', '', '1', '1899-12-30 08:50:00', '1899-12-30 18:00:00', '1899-12-30 10:00:00', '1899-12-30 16:00:00', '0', '0', '0');
INSERT INTO `userinfo` VALUES ('360', '李兰齐', 'Haier,123', '15169921747', '', '6', '5', '在职', '1', '龙泰天祥', '青岛海尔信息园', '2017-03-01', '接替牛延群', null, 'NULL', '', '', '1', '1899-12-30 08:50:00', '1899-12-30 18:00:00', '1899-12-30 10:00:00', '1899-12-30 16:00:00', '0', '0', '0');
INSERT INTO `userinfo` VALUES ('361', '张硕星', 'Haier,123', '18660281906', '', '5', '5', '在职', '1', '蓝色快车', '黄岛工业园', '2017-02-25', '接替张志亚', null, 'NULL', '', '', '1', '1899-12-30 08:50:00', '1899-12-30 18:00:00', '1899-12-30 08:50:00', '1899-12-30 18:00:00', '1', '0', '0');
INSERT INTO `userinfo` VALUES ('362', '李洪珂', 'Haier,123', '17667939539', '', '5', '5', '在职', '1', '蓝色快车', '黄岛工业园', '2017-03-02', '接替丁世祥', null, 'NULL', '', '', '1', '1899-12-30 08:50:00', '1899-12-30 18:00:00', '1899-12-30 08:50:00', '1899-12-30 18:00:00', '1', '0', '0');
INSERT INTO `userinfo` VALUES ('363', '李杨', 'Haier,123', '18133676529', '2937288475@qq.com', '5', '9', '在职', '1', '阳光雨露', '合肥工业园', '2017-02-23', '接替赵恒明', null, 'NULL', '', '', '3', '1899-12-30 09:00:00', '1899-12-30 17:30:00', '1899-12-30 10:00:00', '1899-12-30 17:30:00', '0', '0', '0');
INSERT INTO `userinfo` VALUES ('364', '高贺', 'Haier,123', '18263897172', '', '5', '4', '在职', '1', '龙泰天祥', '青岛海尔信息园', '2017-02-17', '', null, 'NULL', '', '', '1', '1899-12-30 08:50:00', '1899-12-30 18:00:00', '1899-12-30 08:50:00', '1899-12-30 18:00:00', '0', '0', '4');
INSERT INTO `userinfo` VALUES ('365', '阮飞飞', 'Haier,123', '15726241711', '', '5', '5', '在职', '1', '蓝色快车', '青岛信息园', '2017-03-23', '替换邱成龙', null, 'NULL', '', '', '1', '1899-12-30 08:50:00', '1899-12-30 18:00:00', '1899-12-30 10:00:00', '1899-12-30 16:00:00', '0', '0', '0');
INSERT INTO `userinfo` VALUES ('366', '陈国超', 'Haier,123', '15064235579', '', '5', '5', '在职', '1', '龙泰天祥', '青岛工业园', '2017-03-27', '接替 牛延群', null, 'NULL', '', '', '1', '1899-12-30 08:50:00', '1899-12-30 18:00:00', '1899-12-30 10:00:00', '1899-12-30 16:00:00', '0', '0', '0');

-- ----------------------------
-- Table structure for wordgroup
-- ----------------------------
DROP TABLE IF EXISTS `wordgroup`;
CREATE TABLE `wordgroup` (
  `WordGroupID` int(11) NOT NULL AUTO_INCREMENT,
  `WordGroupName` varchar(255) NOT NULL,
  `Remark` varchar(255) NOT NULL,
  PRIMARY KEY (`WordGroupID`)
) ENGINE=MyISAM AUTO_INCREMENT=4 DEFAULT CHARSET=utf8;

-- ----------------------------
-- Records of wordgroup
-- ----------------------------
INSERT INTO `wordgroup` VALUES ('1', '海尔工业园', 'NULL');
INSERT INTO `wordgroup` VALUES ('2', '800服务台', 'NULL');
INSERT INTO `wordgroup` VALUES ('3', '大区', 'NULL');
